loc,v(g),ev(g),iv(G),N,V,L,D,I,E,B,T,lOCode,lOComment,locCodeAndComment,lOBlank,uniq_Op,uniq_Opnd,total_Op,total_Opnd,branchCount,defects
1.0,1.0,1.0,1.0,1.0,1.0,2.0,1.0,1.0,1.0,2.0,1.0,1,1,1,1,1.0,1.0,1.0,1.0,1.0,0
1.0,1.0,1.0,1.0,1.0,1.0,2.0,1.0,1.0,1.0,2.0,1.0,1,1,1,1,1.0,1.0,1.0,1.0,1.0,1
2.0,1.0,1.0,1.0,2.0,1.0,2.0,1.0,2.0,2.0,2.0,2.0,1,2,2,2,1.0,2.0,2.0,2.0,2.0,1
2.0,1.0,2.0,1.0,2.0,1.0,2.0,1.0,2.0,2.0,2.0,2.0,2,2,2,2,1.0,2.0,2.0,2.0,2.0,1
2.0,2.0,2.0,2.0,2.0,1.0,2.0,2.0,2.0,2.0,2.0,2.0,2,2,2,2,2.0,2.0,2.0,2.0,2.0,1
2.0,1.0,2.0,1.0,2.0,1.0,2.0,2.0,2.0,2.0,2.0,2.0,2,2,1,2,2.0,2.0,2.0,2.0,2.0,1
2.0,1.0,1.0,1.0,2.0,1.0,2.0,1.0,2.0,2.0,2.0,2.0,1,2,2,2,1.0,2.0,1.0,2.0,2.0,1
2.0,2.0,2.0,2.0,2.0,1.0,2.0,2.0,2.0,2.0,2.0,2.0,2,2,1,2,2.0,2.0,2.0,2.0,2.0,1
1.0,1.0,1.0,1.0,1.0,1.0,2.0,1.0,2.0,1.0,2.0,2.0,1,1,1,1,1.0,2.0,1.0,1.0,1.0,1
1.0,1.0,1.0,1.0,2.0,1.0,2.0,1.0,2.0,2.0,2.0,2.0,1,1,1,1,1.0,2.0,1.0,2.0,1.0,1
2.0,1.0,1.0,1.0,2.0,1.0,2.0,1.0,2.0,2.0,2.0,2.0,1,1,2,2,1.0,2.0,2.0,2.0,2.0,1
2.0,1.0,2.0,1.0,2.0,1.0,2.0,1.0,2.0,2.0,2.0,2.0,2,2,2,2,1.0,2.0,1.0,2.0,2.0,1
1.0,1.0,1.0,1.0,2.0,1.0,2.0,1.0,2.0,2.0,2.0,2.0,1,1,1,2,1.0,2.0,1.0,2.0,1.0,1
2.0,1.0,2.0,1.0,2.0,1.0,2.0,1.0,2.0,2.0,2.0,2.0,1,2,2,2,1.0,2.0,2.0,2.0,2.0,1
1.0,1.0,1.0,1.0,1.0,1.0,2.0,1.0,2.0,1.0,2.0,2.0,1,2,1,1,1.0,1.0,1.0,1.0,1.0,1
2.0,1.0,2.0,1.0,2.0,1.0,2.0,1.0,2.0,2.0,2.0,2.0,2,2,1,2,1.0,2.0,2.0,2.0,2.0,1
1.0,1.0,2.0,1.0,1.0,1.0,2.0,1.0,2.0,1.0,2.0,2.0,1,1,1,1,1.0,2.0,1.0,1.0,1.0,1
2.0,1.0,1.0,1.0,2.0,1.0,2.0,1.0,2.0,2.0,2.0,2.0,1,1,1,2,1.0,2.0,2.0,2.0,2.0,1
1.0,1.0,1.0,1.0,2.0,1.0,2.0,1.0,2.0,2.0,2.0,2.0,1,1,1,1,1.0,2.0,1.0,2.0,1.0,1
1.0,1.0,1.0,1.0,2.0,1.0,2.0,1.0,2.0,2.0,2.0,2.0,1,2,2,2,1.0,2.0,1.0,2.0,1.0,1
2.0,1.0,1.0,1.0,2.0,1.0,2.0,2.0,2.0,2.0,2.0,2.0,2,2,2,2,2.0,2.0,2.0,2.0,2.0,1
1.0,1.0,1.0,1.0,2.0,1.0,2.0,1.0,2.0,2.0,2.0,2.0,1,1,1,1,1.0,2.0,1.0,2.0,1.0,1
1.0,1.0,2.0,1.0,2.0,1.0,2.0,1.0,2.0,2.0,2.0,2.0,1,1,1,2,1.0,2.0,1.0,2.0,1.0,1
1.0,1.0,2.0,1.0,2.0,1.0,2.0,1.0,2.0,1.0,2.0,2.0,1,1,1,2,1.0,2.0,1.0,1.0,1.0,1
1.0,1.0,1.0,1.0,1.0,1.0,2.0,1.0,2.0,1.0,2.0,1.0,1,1,1,1,1.0,1.0,1.0,1.0,1.0,1
1.0,1.0,1.0,1.0,1.0,1.0,2.0,1.0,2.0,1.0,2.0,2.0,1,1,1,1,1.0,1.0,1.0,1.0,1.0,1
1.0,1.0,1.0,1.0,1.0,1.0,2.0,1.0,2.0,1.0,2.0,1.0,1,1,1,1,1.0,1.0,1.0,1.0,1.0,1
1.0,1.0,2.0,1.0,1.0,1.0,2.0,1.0,2.0,1.0,2.0,2.0,1,1,1,1,1.0,1.0,1.0,1.0,1.0,1
1.0,1.0,1.0,1.0,1.0,1.0,2.0,1.0,2.0,1.0,2.0,1.0,1,1,1,2,1.0,1.0,1.0,1.0,1.0,1
1.0,1.0,1.0,1.0,1.0,1.0,2.0,1.0,2.0,1.0,2.0,1.0,1,1,1,1,1.0,1.0,1.0,1.0,1.0,1
1.0,1.0,1.0,1.0,1.0,1.0,2.0,1.0,2.0,1.0,2.0,2.0,1,1,1,1,1.0,2.0,1.0,1.0,1.0,1
1.0,1.0,1.0,1.0,1.0,1.0,2.0,1.0,2.0,1.0,2.0,2.0,1,1,1,1,1.0,2.0,1.0,1.0,1.0,1
1.0,1.0,1.0,1.0,1.0,1.0,2.0,1.0,2.0,1.0,2.0,1.0,1,1,1,1,1.0,1.0,1.0,1.0,1.0,1
1.0,1.0,1.0,1.0,1.0,1.0,2.0,1.0,2.0,1.0,2.0,2.0,1,1,1,1,1.0,2.0,1.0,1.0,1.0,1
1.0,1.0,1.0,1.0,1.0,1.0,2.0,1.0,2.0,1.0,2.0,2.0,1,1,1,2,1.0,1.0,1.0,1.0,1.0,1
2.0,1.0,1.0,1.0,2.0,1.0,2.0,1.0,2.0,2.0,2.0,2.0,1,2,2,2,1.0,2.0,1.0,2.0,1.0,1
2.0,1.0,2.0,1.0,2.0,1.0,2.0,1.0,2.0,2.0,2.0,2.0,2,2,2,2,1.0,2.0,2.0,2.0,2.0,1
2.0,1.0,1.0,1.0,2.0,1.0,2.0,1.0,2.0,2.0,2.0,2.0,1,1,1,2,1.0,2.0,1.0,2.0,1.0,1
2.0,1.0,1.0,1.0,2.0,1.0,2.0,1.0,2.0,2.0,2.0,2.0,2,2,1,2,1.0,2.0,2.0,2.0,2.0,1
2.0,1.0,2.0,1.0,2.0,1.0,2.0,1.0,2.0,2.0,2.0,2.0,1,1,1,1,1.0,2.0,1.0,1.0,2.0,1
1.0,1.0,1.0,1.0,1.0,1.0,2.0,1.0,1.0,1.0,2.0,1.0,1,1,1,1,1.0,1.0,1.0,1.0,1.0,1
1.0,1.0,1.0,1.0,1.0,1.0,2.0,1.0,2.0,1.0,2.0,1.0,1,1,1,1,1.0,1.0,1.0,1.0,1.0,1
2.0,1.0,1.0,1.0,2.0,1.0,2.0,2.0,2.0,2.0,2.0,2.0,2,2,1,2,1.0,2.0,2.0,2.0,1.0,1
1.0,1.0,1.0,1.0,1.0,1.0,2.0,1.0,2.0,1.0,2.0,2.0,1,1,1,1,1.0,2.0,1.0,1.0,1.0,1
2.0,1.0,2.0,1.0,2.0,1.0,2.0,1.0,2.0,2.0,2.0,2.0,1,1,2,2,1.0,2.0,2.0,2.0,2.0,1
2.0,1.0,1.0,1.0,2.0,1.0,2.0,1.0,2.0,2.0,2.0,2.0,1,1,2,1,1.0,2.0,1.0,2.0,1.0,1
1.0,1.0,1.0,1.0,1.0,1.0,2.0,1.0,1.0,1.0,2.0,1.0,1,1,1,1,1.0,1.0,1.0,1.0,1.0,1
2.0,1.0,2.0,1.0,2.0,1.0,2.0,2.0,2.0,2.0,2.0,2.0,2,2,1,2,2.0,2.0,2.0,2.0,2.0,1
1.0,1.0,1.0,1.0,1.0,1.0,2.0,1.0,1.0,1.0,2.0,1.0,1,1,1,1,1.0,1.0,1.0,1.0,1.0,1
2.0,1.0,2.0,1.0,2.0,1.0,2.0,1.0,2.0,2.0,2.0,2.0,2,2,1,2,1.0,2.0,2.0,2.0,2.0,1
1.0,1.0,1.0,1.0,1.0,1.0,2.0,1.0,1.0,1.0,2.0,1.0,1,1,1,1,1.0,1.0,1.0,1.0,1.0,1
1.0,1.0,2.0,1.0,1.0,1.0,2.0,1.0,2.0,1.0,2.0,2.0,1,1,1,1,1.0,2.0,1.0,1.0,1.0,1
2.0,1.0,2.0,1.0,2.0,1.0,2.0,2.0,2.0,2.0,2.0,2.0,2,2,1,2,2.0,2.0,2.0,2.0,2.0,1
2.0,1.0,2.0,1.0,2.0,1.0,2.0,1.0,2.0,2.0,2.0,2.0,1,1,1,1,1.0,2.0,2.0,2.0,2.0,1
2.0,1.0,2.0,1.0,2.0,1.0,2.0,1.0,2.0,2.0,2.0,2.0,2,2,1,2,1.0,2.0,2.0,2.0,2.0,1
1.0,1.0,2.0,1.0,1.0,1.0,2.0,1.0,2.0,1.0,2.0,2.0,1,1,1,1,1.0,2.0,1.0,1.0,1.0,1
1.0,1.0,2.0,1.0,2.0,1.0,2.0,1.0,2.0,1.0,2.0,2.0,1,1,1,1,1.0,2.0,1.0,1.0,1.0,1
2.0,1.0,1.0,1.0,2.0,1.0,2.0,2.0,2.0,2.0,2.0,2.0,2,1,1,2,2.0,2.0,2.0,2.0,2.0,1
1.0,1.0,1.0,1.0,1.0,1.0,2.0,1.0,2.0,1.0,2.0,2.0,1,1,1,1,1.0,2.0,1.0,1.0,1.0,1
1.0,1.0,1.0,1.0,1.0,1.0,2.0,1.0,1.0,1.0,2.0,1.0,1,1,1,1,1.0,1.0,1.0,1.0,1.0,1
1.0,1.0,1.0,1.0,1.0,1.0,2.0,1.0,2.0,1.0,2.0,2.0,1,1,1,1,1.0,1.0,1.0,1.0,1.0,1
1.0,1.0,2.0,1.0,1.0,1.0,2.0,1.0,2.0,1.0,2.0,2.0,1,1,1,1,1.0,2.0,1.0,1.0,1.0,1
1.0,1.0,1.0,1.0,1.0,1.0,2.0,1.0,1.0,1.0,2.0,1.0,1,1,1,1,1.0,1.0,1.0,1.0,1.0,1
1.0,1.0,1.0,1.0,1.0,1.0,2.0,1.0,2.0,1.0,2.0,1.0,1,1,1,1,1.0,1.0,1.0,1.0,1.0,1
1.0,1.0,1.0,1.0,1.0,1.0,2.0,1.0,1.0,1.0,2.0,1.0,1,1,1,1,1.0,1.0,1.0,1.0,1.0,1
1.0,1.0,1.0,1.0,1.0,1.0,2.0,1.0,1.0,1.0,2.0,1.0,1,1,1,1,1.0,1.0,1.0,1.0,1.0,1
1.0,1.0,1.0,1.0,1.0,1.0,2.0,1.0,2.0,1.0,2.0,2.0,1,1,1,1,1.0,2.0,1.0,1.0,1.0,1
1.0,1.0,1.0,1.0,1.0,1.0,2.0,1.0,1.0,1.0,2.0,1.0,1,1,1,1,1.0,1.0,1.0,1.0,1.0,1
1.0,1.0,1.0,1.0,1.0,1.0,2.0,1.0,1.0,1.0,2.0,1.0,1,1,1,1,1.0,1.0,1.0,1.0,1.0,1
1.0,1.0,2.0,1.0,2.0,1.0,2.0,1.0,2.0,1.0,2.0,2.0,1,1,1,2,1.0,2.0,1.0,2.0,2.0,1
1.0,1.0,1.0,1.0,1.0,1.0,2.0,1.0,2.0,1.0,2.0,1.0,1,1,1,1,1.0,1.0,1.0,1.0,1.0,1
1.0,1.0,1.0,1.0,1.0,1.0,2.0,1.0,2.0,1.0,2.0,2.0,1,1,1,1,1.0,2.0,1.0,1.0,1.0,1
1.0,1.0,1.0,1.0,1.0,1.0,2.0,1.0,1.0,1.0,2.0,1.0,1,1,1,1,1.0,1.0,1.0,1.0,1.0,1
1.0,1.0,1.0,1.0,1.0,1.0,2.0,1.0,2.0,1.0,2.0,2.0,1,1,1,1,1.0,1.0,1.0,1.0,1.0,1
1.0,1.0,1.0,1.0,1.0,1.0,2.0,1.0,2.0,1.0,2.0,2.0,1,1,1,1,1.0,1.0,1.0,1.0,1.0,1
1.0,1.0,1.0,1.0,1.0,1.0,2.0,1.0,1.0,1.0,2.0,1.0,1,1,1,1,1.0,1.0,1.0,1.0,1.0,1
1.0,1.0,1.0,1.0,1.0,1.0,2.0,1.0,2.0,1.0,2.0,2.0,1,1,1,2,1.0,1.0,1.0,1.0,1.0,1
1.0,1.0,1.0,1.0,1.0,1.0,2.0,1.0,1.0,1.0,2.0,1.0,1,1,1,1,1.0,1.0,1.0,1.0,1.0,1
1.0,1.0,1.0,1.0,1.0,1.0,2.0,1.0,2.0,1.0,2.0,1.0,1,1,1,1,1.0,1.0,1.0,1.0,1.0,0
1.0,1.0,1.0,1.0,1.0,1.0,2.0,1.0,2.0,1.0,2.0,2.0,1,1,1,2,1.0,1.0,1.0,1.0,1.0,0
1.0,1.0,1.0,1.0,1.0,1.0,2.0,1.0,1.0,1.0,2.0,1.0,1,1,1,1,1.0,1.0,1.0,1.0,1.0,0
2.0,1.0,2.0,1.0,2.0,1.0,2.0,1.0,2.0,2.0,2.0,2.0,2,2,1,2,2.0,2.0,2.0,2.0,2.0,0
1.0,1.0,1.0,1.0,1.0,1.0,2.0,1.0,2.0,1.0,2.0,2.0,1,1,1,1,1.0,1.0,1.0,1.0,1.0,0
1.0,1.0,1.0,1.0,1.0,1.0,2.0,1.0,1.0,1.0,2.0,1.0,1,1,1,1,1.0,1.0,1.0,1.0,1.0,0
1.0,1.0,1.0,1.0,1.0,1.0,2.0,1.0,1.0,1.0,2.0,1.0,1,1,1,1,1.0,1.0,1.0,1.0,1.0,0
1.0,1.0,1.0,1.0,1.0,1.0,2.0,1.0,1.0,1.0,2.0,1.0,1,1,1,1,1.0,1.0,1.0,1.0,1.0,0
2.0,1.0,1.0,1.0,2.0,1.0,2.0,1.0,2.0,2.0,2.0,2.0,1,1,1,1,2.0,2.0,2.0,2.0,2.0,0
1.0,1.0,1.0,1.0,1.0,1.0,2.0,1.0,1.0,1.0,2.0,1.0,1,1,1,1,1.0,1.0,1.0,1.0,1.0,0
1.0,1.0,1.0,1.0,1.0,1.0,2.0,1.0,1.0,1.0,2.0,1.0,1,1,1,1,1.0,1.0,1.0,1.0,1.0,0
1.0,1.0,1.0,1.0,1.0,1.0,2.0,1.0,1.0,1.0,2.0,1.0,1,1,1,1,1.0,1.0,1.0,1.0,1.0,0
1.0,1.0,1.0,1.0,1.0,1.0,2.0,1.0,1.0,1.0,2.0,1.0,1,1,1,1,1.0,1.0,1.0,1.0,1.0,0
1.0,1.0,1.0,1.0,1.0,1.0,2.0,1.0,1.0,1.0,2.0,1.0,1,1,1,1,1.0,1.0,1.0,1.0,1.0,0
1.0,1.0,1.0,1.0,1.0,1.0,2.0,1.0,1.0,1.0,2.0,1.0,1,1,1,1,1.0,1.0,1.0,1.0,1.0,0
1.0,1.0,1.0,1.0,1.0,1.0,2.0,1.0,1.0,1.0,2.0,1.0,1,1,1,1,1.0,1.0,1.0,1.0,1.0,0
1.0,1.0,1.0,1.0,1.0,1.0,2.0,1.0,1.0,1.0,2.0,1.0,1,1,1,1,1.0,1.0,1.0,1.0,1.0,0
1.0,1.0,1.0,1.0,1.0,1.0,2.0,1.0,2.0,1.0,2.0,1.0,1,1,1,1,1.0,1.0,1.0,1.0,1.0,0
1.0,1.0,1.0,1.0,1.0,1.0,2.0,1.0,2.0,1.0,2.0,1.0,1,1,1,1,1.0,1.0,1.0,1.0,1.0,0
1.0,1.0,1.0,1.0,1.0,1.0,2.0,1.0,2.0,1.0,2.0,1.0,1,1,1,1,1.0,1.0,1.0,1.0,1.0,0
1.0,1.0,1.0,1.0,1.0,1.0,2.0,1.0,2.0,1.0,2.0,1.0,1,1,1,1,1.0,1.0,1.0,1.0,1.0,0
1.0,1.0,1.0,1.0,1.0,1.0,2.0,1.0,2.0,1.0,2.0,1.0,1,1,1,1,1.0,1.0,1.0,1.0,1.0,0
1.0,1.0,1.0,1.0,1.0,1.0,2.0,1.0,2.0,1.0,2.0,1.0,1,1,1,2,1.0,1.0,1.0,1.0,1.0,0
1.0,1.0,1.0,1.0,1.0,1.0,2.0,1.0,2.0,1.0,2.0,1.0,1,1,1,1,1.0,1.0,1.0,1.0,1.0,0
1.0,1.0,1.0,1.0,1.0,1.0,2.0,1.0,2.0,1.0,2.0,1.0,1,1,1,1,1.0,1.0,1.0,1.0,1.0,0
1.0,1.0,1.0,1.0,1.0,1.0,2.0,1.0,1.0,1.0,2.0,1.0,1,1,1,1,1.0,1.0,1.0,1.0,1.0,0
1.0,1.0,1.0,1.0,1.0,1.0,2.0,1.0,1.0,1.0,2.0,1.0,1,1,1,1,1.0,1.0,1.0,1.0,1.0,0
1.0,1.0,1.0,1.0,1.0,1.0,2.0,1.0,2.0,1.0,2.0,1.0,1,1,1,1,1.0,1.0,1.0,1.0,1.0,0
1.0,1.0,1.0,1.0,1.0,1.0,2.0,1.0,1.0,1.0,2.0,1.0,1,1,1,1,1.0,1.0,1.0,1.0,1.0,0
1.0,1.0,1.0,1.0,1.0,1.0,2.0,1.0,1.0,1.0,2.0,1.0,1,1,1,1,1.0,1.0,1.0,1.0,1.0,0
1.0,1.0,1.0,1.0,1.0,1.0,2.0,1.0,2.0,1.0,2.0,1.0,1,1,1,1,1.0,1.0,1.0,1.0,1.0,0
1.0,1.0,1.0,1.0,1.0,1.0,2.0,1.0,1.0,1.0,2.0,1.0,1,1,1,1,1.0,1.0,1.0,1.0,1.0,0
1.0,1.0,1.0,1.0,1.0,1.0,2.0,1.0,1.0,1.0,2.0,1.0,1,1,1,1,1.0,1.0,1.0,1.0,1.0,0
1.0,1.0,1.0,1.0,1.0,1.0,2.0,1.0,1.0,1.0,2.0,1.0,1,1,1,1,1.0,1.0,1.0,1.0,1.0,0
1.0,1.0,1.0,1.0,1.0,1.0,2.0,1.0,2.0,1.0,2.0,1.0,1,1,1,1,1.0,1.0,1.0,1.0,1.0,0
1.0,1.0,1.0,1.0,1.0,1.0,2.0,1.0,2.0,1.0,2.0,1.0,1,1,1,1,1.0,1.0,1.0,1.0,1.0,0
1.0,1.0,1.0,1.0,1.0,1.0,2.0,1.0,1.0,1.0,2.0,2.0,1,1,1,1,1.0,1.0,1.0,1.0,1.0,0
1.0,1.0,2.0,1.0,1.0,1.0,2.0,1.0,2.0,1.0,2.0,2.0,1,1,1,2,1.0,2.0,1.0,1.0,1.0,0
1.0,1.0,2.0,1.0,2.0,1.0,2.0,1.0,2.0,1.0,2.0,2.0,1,1,1,2,1.0,2.0,1.0,1.0,2.0,0
1.0,1.0,1.0,1.0,1.0,1.0,2.0,1.0,1.0,1.0,2.0,1.0,1,1,1,1,1.0,1.0,1.0,1.0,1.0,0
1.0,1.0,2.0,1.0,2.0,1.0,2.0,1.0,2.0,1.0,2.0,2.0,1,1,1,2,1.0,2.0,1.0,1.0,1.0,0
1.0,1.0,1.0,1.0,1.0,1.0,2.0,1.0,1.0,1.0,2.0,1.0,1,1,1,1,1.0,1.0,1.0,1.0,1.0,0
2.0,1.0,2.0,1.0,2.0,1.0,2.0,1.0,2.0,2.0,2.0,2.0,1,1,1,2,1.0,2.0,1.0,2.0,2.0,0
1.0,1.0,1.0,1.0,1.0,1.0,2.0,1.0,2.0,1.0,2.0,2.0,1,1,1,2,1.0,1.0,1.0,1.0,1.0,0
1.0,1.0,1.0,1.0,1.0,1.0,2.0,1.0,2.0,1.0,2.0,1.0,1,1,1,1,1.0,1.0,1.0,1.0,1.0,0
1.0,1.0,1.0,1.0,1.0,1.0,2.0,1.0,1.0,1.0,2.0,1.0,1,1,1,1,1.0,1.0,1.0,1.0,1.0,0
1.0,1.0,1.0,1.0,1.0,1.0,2.0,1.0,2.0,1.0,2.0,1.0,1,1,1,1,1.0,1.0,1.0,1.0,1.0,0
1.0,1.0,1.0,1.0,1.0,1.0,2.0,1.0,2.0,1.0,2.0,1.0,1,1,1,1,1.0,1.0,1.0,1.0,1.0,0
1.0,1.0,1.0,1.0,1.0,1.0,2.0,1.0,1.0,1.0,2.0,1.0,1,1,1,1,1.0,1.0,1.0,1.0,1.0,0
1.0,1.0,1.0,1.0,1.0,1.0,2.0,1.0,1.0,1.0,2.0,1.0,1,1,1,2,1.0,1.0,1.0,1.0,1.0,0
1.0,1.0,1.0,1.0,1.0,1.0,2.0,1.0,1.0,1.0,2.0,1.0,1,1,1,1,1.0,1.0,1.0,1.0,1.0,0
1.0,1.0,1.0,1.0,1.0,1.0,2.0,1.0,1.0,1.0,2.0,1.0,1,1,1,1,1.0,1.0,1.0,1.0,1.0,0
2.0,1.0,1.0,1.0,2.0,1.0,2.0,1.0,2.0,2.0,2.0,2.0,1,1,1,2,1.0,2.0,1.0,2.0,1.0,0
1.0,1.0,2.0,1.0,1.0,1.0,2.0,1.0,2.0,1.0,2.0,2.0,1,1,1,1,1.0,2.0,1.0,1.0,2.0,0
1.0,1.0,1.0,1.0,1.0,1.0,2.0,1.0,1.0,1.0,2.0,1.0,1,1,1,1,1.0,1.0,1.0,1.0,1.0,0
1.0,1.0,1.0,1.0,1.0,1.0,2.0,1.0,1.0,1.0,2.0,1.0,1,1,1,1,1.0,1.0,1.0,1.0,1.0,0
1.0,1.0,1.0,1.0,1.0,1.0,2.0,1.0,1.0,1.0,2.0,1.0,1,1,1,1,1.0,1.0,1.0,1.0,1.0,0
1.0,1.0,1.0,1.0,1.0,1.0,2.0,1.0,2.0,1.0,2.0,1.0,1,1,1,1,1.0,1.0,1.0,1.0,1.0,0
1.0,1.0,1.0,1.0,1.0,1.0,2.0,1.0,1.0,1.0,2.0,1.0,1,1,1,1,1.0,1.0,1.0,1.0,1.0,0
1.0,1.0,1.0,1.0,1.0,1.0,2.0,1.0,2.0,1.0,2.0,2.0,1,1,1,1,1.0,2.0,1.0,1.0,2.0,0
1.0,1.0,1.0,1.0,1.0,1.0,2.0,1.0,1.0,1.0,2.0,1.0,1,1,1,1,1.0,1.0,1.0,1.0,1.0,0
1.0,1.0,1.0,1.0,1.0,1.0,2.0,1.0,1.0,1.0,2.0,1.0,1,1,1,1,1.0,1.0,1.0,1.0,1.0,0
1.0,1.0,1.0,1.0,1.0,1.0,2.0,1.0,1.0,1.0,2.0,1.0,1,1,1,1,1.0,1.0,1.0,1.0,1.0,0
1.0,1.0,1.0,1.0,1.0,1.0,2.0,1.0,1.0,1.0,2.0,1.0,1,1,1,1,1.0,1.0,1.0,1.0,1.0,0
1.0,1.0,1.0,1.0,1.0,1.0,2.0,1.0,1.0,1.0,2.0,1.0,1,1,1,1,1.0,1.0,1.0,1.0,1.0,0
1.0,1.0,1.0,1.0,1.0,1.0,2.0,1.0,1.0,1.0,2.0,1.0,1,1,1,1,1.0,1.0,1.0,1.0,1.0,0
1.0,1.0,2.0,1.0,2.0,1.0,2.0,1.0,2.0,2.0,2.0,2.0,1,1,1,2,1.0,2.0,1.0,2.0,2.0,0
1.0,1.0,1.0,1.0,1.0,1.0,2.0,1.0,1.0,1.0,2.0,1.0,1,1,1,1,1.0,1.0,1.0,1.0,1.0,0
1.0,1.0,1.0,1.0,1.0,1.0,2.0,1.0,1.0,1.0,2.0,1.0,1,1,1,1,1.0,1.0,1.0,1.0,1.0,0
1.0,1.0,1.0,1.0,1.0,1.0,2.0,1.0,1.0,1.0,2.0,1.0,1,1,1,1,1.0,1.0,1.0,1.0,1.0,0
1.0,1.0,1.0,1.0,1.0,1.0,2.0,1.0,1.0,1.0,2.0,1.0,1,1,1,1,1.0,1.0,1.0,1.0,1.0,0
1.0,1.0,1.0,1.0,1.0,1.0,2.0,1.0,1.0,1.0,2.0,1.0,1,1,1,1,1.0,1.0,1.0,1.0,1.0,0
1.0,1.0,1.0,1.0,1.0,1.0,2.0,1.0,2.0,1.0,2.0,1.0,1,1,1,1,1.0,1.0,1.0,1.0,1.0,0
1.0,1.0,1.0,1.0,1.0,1.0,2.0,1.0,1.0,1.0,2.0,2.0,1,1,1,1,1.0,1.0,1.0,1.0,1.0,0
1.0,1.0,1.0,1.0,1.0,1.0,2.0,1.0,1.0,1.0,2.0,1.0,1,1,1,1,1.0,1.0,1.0,1.0,1.0,0
1.0,1.0,1.0,1.0,1.0,1.0,2.0,1.0,2.0,1.0,2.0,1.0,1,1,1,1,1.0,1.0,1.0,1.0,1.0,0
1.0,1.0,1.0,1.0,1.0,1.0,2.0,1.0,1.0,1.0,2.0,1.0,1,1,1,1,1.0,1.0,1.0,1.0,1.0,0
1.0,1.0,1.0,1.0,1.0,1.0,2.0,1.0,2.0,1.0,2.0,1.0,1,1,1,1,1.0,1.0,1.0,1.0,1.0,0
1.0,1.0,2.0,1.0,1.0,1.0,2.0,1.0,2.0,1.0,2.0,2.0,1,1,1,2,1.0,2.0,1.0,1.0,1.0,0
1.0,1.0,2.0,1.0,1.0,1.0,2.0,1.0,2.0,1.0,2.0,2.0,1,1,1,1,1.0,1.0,1.0,1.0,1.0,0
1.0,1.0,1.0,1.0,1.0,1.0,2.0,1.0,1.0,1.0,2.0,1.0,1,1,1,1,1.0,1.0,1.0,1.0,1.0,0
1.0,1.0,1.0,1.0,1.0,1.0,2.0,1.0,1.0,1.0,2.0,1.0,1,1,1,1,1.0,1.0,1.0,1.0,1.0,0
1.0,1.0,1.0,1.0,1.0,1.0,2.0,1.0,1.0,1.0,2.0,1.0,1,1,1,1,1.0,1.0,1.0,1.0,1.0,0
2.0,1.0,2.0,1.0,2.0,1.0,2.0,1.0,2.0,2.0,2.0,2.0,1,1,1,2,1.0,2.0,1.0,2.0,2.0,0
1.0,1.0,1.0,1.0,1.0,1.0,2.0,1.0,2.0,1.0,2.0,1.0,1,1,1,1,1.0,1.0,1.0,1.0,1.0,0
1.0,1.0,1.0,1.0,1.0,1.0,2.0,1.0,1.0,1.0,2.0,1.0,1,1,1,1,1.0,1.0,1.0,1.0,1.0,0
1.0,1.0,1.0,1.0,1.0,1.0,2.0,1.0,1.0,1.0,2.0,1.0,1,1,1,1,1.0,1.0,1.0,1.0,1.0,0
2.0,2.0,2.0,1.0,2.0,1.0,2.0,2.0,2.0,2.0,2.0,2.0,2,1,1,1,2.0,2.0,2.0,2.0,2.0,0
2.0,2.0,2.0,1.0,2.0,1.0,2.0,1.0,2.0,2.0,2.0,2.0,1,1,1,1,1.0,2.0,2.0,2.0,2.0,0
1.0,1.0,2.0,1.0,1.0,1.0,2.0,1.0,1.0,1.0,2.0,2.0,1,1,1,1,1.0,1.0,1.0,1.0,2.0,0
1.0,1.0,2.0,1.0,1.0,1.0,2.0,1.0,2.0,1.0,2.0,2.0,1,1,1,1,1.0,1.0,1.0,1.0,1.0,0
1.0,1.0,1.0,1.0,2.0,1.0,2.0,1.0,2.0,1.0,2.0,2.0,1,1,1,2,1.0,2.0,1.0,2.0,1.0,0
1.0,1.0,1.0,1.0,1.0,1.0,2.0,1.0,1.0,1.0,2.0,1.0,1,1,1,1,1.0,1.0,1.0,1.0,1.0,0
1.0,1.0,1.0,1.0,1.0,1.0,2.0,1.0,1.0,1.0,2.0,1.0,1,1,1,1,1.0,1.0,1.0,1.0,1.0,0
1.0,1.0,1.0,1.0,1.0,1.0,2.0,1.0,2.0,1.0,2.0,1.0,1,1,1,1,1.0,1.0,1.0,1.0,1.0,0
1.0,1.0,1.0,1.0,1.0,1.0,2.0,1.0,1.0,1.0,2.0,1.0,1,1,1,1,1.0,1.0,1.0,1.0,1.0,0
1.0,1.0,1.0,1.0,1.0,1.0,2.0,1.0,2.0,1.0,2.0,1.0,1,1,1,1,1.0,1.0,1.0,1.0,1.0,0
1.0,1.0,1.0,1.0,1.0,1.0,2.0,1.0,2.0,1.0,2.0,1.0,1,1,1,1,1.0,1.0,1.0,1.0,1.0,0
1.0,1.0,1.0,1.0,1.0,1.0,2.0,1.0,1.0,1.0,2.0,1.0,1,1,1,1,1.0,1.0,1.0,1.0,1.0,0
1.0,1.0,1.0,1.0,1.0,1.0,2.0,1.0,1.0,1.0,2.0,1.0,1,1,1,1,1.0,1.0,1.0,1.0,1.0,0
1.0,1.0,1.0,1.0,1.0,1.0,2.0,1.0,1.0,1.0,2.0,1.0,1,1,1,1,1.0,1.0,1.0,1.0,1.0,0
1.0,1.0,1.0,1.0,1.0,1.0,2.0,1.0,1.0,1.0,2.0,1.0,1,1,1,1,1.0,1.0,1.0,1.0,1.0,0
1.0,1.0,1.0,1.0,1.0,1.0,2.0,1.0,1.0,1.0,2.0,1.0,1,1,1,1,1.0,1.0,1.0,1.0,1.0,0
1.0,1.0,1.0,1.0,1.0,1.0,2.0,1.0,1.0,1.0,2.0,1.0,1,1,1,1,1.0,1.0,1.0,1.0,1.0,0
1.0,1.0,1.0,1.0,1.0,1.0,2.0,1.0,2.0,1.0,2.0,2.0,1,1,1,1,1.0,1.0,1.0,1.0,1.0,0
1.0,1.0,1.0,1.0,1.0,1.0,2.0,1.0,1.0,1.0,2.0,2.0,1,1,1,1,1.0,1.0,1.0,1.0,1.0,0
1.0,1.0,1.0,1.0,1.0,1.0,2.0,1.0,1.0,1.0,2.0,1.0,1,1,1,1,1.0,1.0,1.0,1.0,1.0,0
1.0,1.0,1.0,1.0,1.0,1.0,2.0,1.0,1.0,1.0,2.0,1.0,1,1,1,1,1.0,1.0,1.0,1.0,1.0,0
1.0,1.0,1.0,1.0,1.0,1.0,2.0,1.0,2.0,1.0,2.0,2.0,1,1,1,1,1.0,2.0,1.0,1.0,1.0,0
1.0,1.0,1.0,1.0,1.0,1.0,2.0,1.0,2.0,1.0,2.0,2.0,1,1,1,1,1.0,1.0,1.0,1.0,1.0,0
1.0,1.0,1.0,1.0,2.0,1.0,2.0,1.0,2.0,2.0,2.0,2.0,1,2,1,2,1.0,2.0,1.0,2.0,1.0,0
2.0,1.0,2.0,1.0,2.0,1.0,2.0,2.0,2.0,2.0,2.0,2.0,2,2,2,2,2.0,2.0,2.0,2.0,2.0,0
1.0,1.0,1.0,1.0,1.0,1.0,2.0,1.0,2.0,1.0,2.0,1.0,1,1,1,1,1.0,1.0,1.0,1.0,1.0,0
1.0,1.0,1.0,1.0,1.0,1.0,2.0,1.0,2.0,1.0,2.0,1.0,1,1,1,1,1.0,1.0,1.0,1.0,1.0,0
1.0,1.0,1.0,1.0,1.0,1.0,2.0,1.0,2.0,1.0,2.0,1.0,1,1,1,1,1.0,1.0,1.0,1.0,1.0,0
1.0,1.0,1.0,1.0,1.0,1.0,2.0,1.0,2.0,1.0,2.0,1.0,1,1,1,1,1.0,1.0,1.0,1.0,1.0,0
1.0,1.0,1.0,1.0,1.0,1.0,2.0,1.0,2.0,1.0,2.0,1.0,1,1,1,1,1.0,1.0,1.0,1.0,1.0,0
1.0,1.0,1.0,1.0,1.0,1.0,2.0,1.0,2.0,1.0,2.0,1.0,1,1,1,1,1.0,1.0,1.0,1.0,1.0,0
1.0,1.0,1.0,1.0,1.0,1.0,2.0,1.0,2.0,1.0,2.0,2.0,1,1,1,1,1.0,2.0,1.0,1.0,1.0,0
1.0,1.0,1.0,1.0,2.0,1.0,2.0,1.0,2.0,1.0,2.0,2.0,1,1,1,1,1.0,2.0,1.0,2.0,1.0,0
1.0,1.0,1.0,1.0,1.0,1.0,2.0,1.0,1.0,1.0,2.0,1.0,1,1,1,1,1.0,1.0,1.0,1.0,1.0,0
1.0,1.0,1.0,1.0,1.0,1.0,2.0,1.0,1.0,1.0,2.0,1.0,1,1,1,1,1.0,1.0,1.0,1.0,1.0,0
2.0,1.0,1.0,1.0,2.0,1.0,2.0,1.0,2.0,2.0,2.0,2.0,1,1,1,2,1.0,2.0,1.0,2.0,1.0,0
1.0,1.0,1.0,1.0,1.0,1.0,2.0,1.0,1.0,1.0,2.0,1.0,1,1,1,1,1.0,1.0,1.0,1.0,1.0,0
1.0,1.0,1.0,1.0,1.0,1.0,2.0,1.0,1.0,1.0,2.0,1.0,1,1,1,1,1.0,1.0,1.0,1.0,1.0,0
1.0,1.0,1.0,1.0,1.0,1.0,2.0,1.0,1.0,1.0,2.0,1.0,1,1,1,1,1.0,1.0,1.0,1.0,1.0,0
1.0,1.0,1.0,1.0,2.0,1.0,2.0,1.0,2.0,1.0,2.0,2.0,1,1,1,1,1.0,2.0,1.0,2.0,1.0,0
1.0,1.0,1.0,1.0,1.0,1.0,2.0,1.0,1.0,1.0,2.0,1.0,1,1,1,1,1.0,1.0,1.0,1.0,1.0,0
1.0,1.0,1.0,1.0,1.0,1.0,2.0,1.0,1.0,1.0,2.0,1.0,1,1,1,1,1.0,1.0,1.0,1.0,1.0,0
2.0,1.0,2.0,1.0,2.0,1.0,2.0,2.0,2.0,2.0,2.0,2.0,1,1,1,2,1.0,2.0,2.0,2.0,2.0,0
1.0,1.0,1.0,1.0,1.0,1.0,2.0,1.0,2.0,1.0,2.0,2.0,1,1,1,1,1.0,2.0,1.0,1.0,1.0,0
1.0,1.0,1.0,1.0,1.0,1.0,2.0,1.0,2.0,1.0,2.0,1.0,1,1,1,1,1.0,1.0,1.0,1.0,1.0,0
1.0,1.0,1.0,1.0,1.0,1.0,2.0,1.0,2.0,1.0,2.0,1.0,1,1,1,1,1.0,1.0,1.0,1.0,1.0,0
1.0,1.0,1.0,1.0,1.0,1.0,2.0,1.0,2.0,1.0,2.0,2.0,1,1,1,1,1.0,2.0,1.0,1.0,1.0,0
1.0,1.0,1.0,1.0,1.0,1.0,2.0,1.0,2.0,1.0,2.0,1.0,1,1,1,1,1.0,1.0,1.0,1.0,1.0,0
1.0,1.0,1.0,1.0,1.0,1.0,2.0,1.0,2.0,1.0,2.0,1.0,1,1,1,1,1.0,1.0,1.0,1.0,1.0,0
1.0,1.0,2.0,1.0,1.0,1.0,2.0,1.0,2.0,1.0,2.0,2.0,1,1,1,1,1.0,1.0,1.0,1.0,2.0,0
1.0,1.0,1.0,1.0,1.0,1.0,2.0,1.0,2.0,1.0,2.0,2.0,1,1,1,1,1.0,1.0,1.0,1.0,1.0,0
1.0,1.0,2.0,1.0,1.0,1.0,2.0,1.0,2.0,1.0,2.0,2.0,1,1,1,1,1.0,2.0,1.0,1.0,1.0,0
1.0,1.0,2.0,1.0,1.0,1.0,2.0,1.0,2.0,1.0,2.0,2.0,1,1,1,1,1.0,2.0,1.0,1.0,1.0,0
1.0,1.0,1.0,1.0,1.0,1.0,2.0,1.0,2.0,1.0,2.0,1.0,1,1,1,1,1.0,1.0,1.0,1.0,1.0,0
1.0,1.0,1.0,1.0,1.0,1.0,2.0,1.0,1.0,1.0,2.0,1.0,1,1,1,1,1.0,1.0,1.0,1.0,1.0,0
1.0,1.0,1.0,1.0,2.0,1.0,2.0,1.0,2.0,1.0,2.0,2.0,1,1,1,1,1.0,2.0,1.0,2.0,2.0,0
1.0,1.0,1.0,1.0,2.0,1.0,2.0,1.0,2.0,2.0,2.0,2.0,1,1,1,1,1.0,2.0,1.0,2.0,2.0,0
1.0,1.0,2.0,1.0,1.0,1.0,2.0,1.0,1.0,1.0,2.0,2.0,1,1,1,1,1.0,1.0,1.0,1.0,1.0,0
1.0,1.0,1.0,1.0,1.0,1.0,2.0,1.0,1.0,1.0,2.0,1.0,1,1,1,1,1.0,1.0,1.0,1.0,1.0,0
1.0,1.0,1.0,1.0,1.0,1.0,2.0,1.0,2.0,1.0,2.0,2.0,1,1,1,1,1.0,1.0,1.0,1.0,2.0,0
1.0,1.0,1.0,1.0,2.0,1.0,2.0,1.0,2.0,2.0,2.0,2.0,1,1,1,2,1.0,2.0,1.0,2.0,1.0,0
1.0,1.0,1.0,1.0,1.0,1.0,2.0,1.0,2.0,1.0,2.0,1.0,1,1,1,1,1.0,1.0,1.0,1.0,1.0,0
1.0,1.0,1.0,1.0,1.0,1.0,2.0,1.0,2.0,1.0,2.0,2.0,1,1,1,1,1.0,2.0,1.0,1.0,1.0,0
1.0,1.0,1.0,1.0,1.0,1.0,2.0,1.0,2.0,1.0,2.0,2.0,1,1,1,2,1.0,2.0,1.0,1.0,1.0,0
1.0,1.0,1.0,1.0,1.0,1.0,2.0,1.0,2.0,1.0,2.0,1.0,1,1,1,1,1.0,1.0,1.0,1.0,1.0,0
1.0,1.0,1.0,1.0,1.0,1.0,2.0,1.0,1.0,1.0,2.0,1.0,1,1,1,1,1.0,1.0,1.0,1.0,1.0,0
1.0,1.0,1.0,1.0,1.0,1.0,2.0,1.0,2.0,1.0,2.0,1.0,1,1,1,1,1.0,1.0,1.0,1.0,1.0,0
1.0,1.0,1.0,1.0,1.0,1.0,2.0,1.0,2.0,1.0,2.0,1.0,1,1,1,1,1.0,1.0,1.0,1.0,1.0,0
1.0,1.0,1.0,1.0,1.0,1.0,2.0,1.0,1.0,1.0,2.0,1.0,1,1,1,1,1.0,1.0,1.0,1.0,1.0,0
1.0,1.0,1.0,1.0,1.0,1.0,2.0,1.0,2.0,1.0,2.0,1.0,1,1,1,1,1.0,1.0,1.0,1.0,1.0,0
1.0,1.0,1.0,1.0,1.0,1.0,2.0,1.0,2.0,1.0,2.0,2.0,1,1,1,1,1.0,2.0,1.0,1.0,1.0,0
1.0,1.0,1.0,1.0,1.0,1.0,2.0,1.0,2.0,1.0,2.0,2.0,1,1,1,1,1.0,1.0,1.0,1.0,1.0,0
1.0,1.0,1.0,1.0,1.0,1.0,2.0,1.0,1.0,1.0,2.0,1.0,1,1,1,1,1.0,1.0,1.0,1.0,1.0,0
1.0,1.0,1.0,1.0,1.0,1.0,2.0,1.0,2.0,1.0,2.0,1.0,1,1,1,1,1.0,1.0,1.0,1.0,1.0,0
1.0,1.0,1.0,1.0,1.0,1.0,2.0,1.0,2.0,1.0,2.0,1.0,1,1,1,1,1.0,1.0,1.0,1.0,1.0,0
1.0,1.0,1.0,1.0,1.0,1.0,2.0,1.0,2.0,1.0,2.0,1.0,1,1,1,1,1.0,1.0,1.0,1.0,1.0,0
1.0,1.0,2.0,1.0,1.0,1.0,2.0,1.0,1.0,1.0,2.0,2.0,1,1,1,1,1.0,1.0,1.0,1.0,1.0,0
1.0,1.0,1.0,1.0,1.0,1.0,2.0,1.0,1.0,1.0,2.0,1.0,1,1,1,1,1.0,1.0,1.0,1.0,1.0,0
1.0,1.0,2.0,1.0,1.0,1.0,2.0,1.0,2.0,1.0,2.0,2.0,1,1,1,1,1.0,2.0,1.0,1.0,1.0,0
1.0,1.0,1.0,1.0,1.0,1.0,2.0,1.0,2.0,1.0,2.0,2.0,1,1,1,2,1.0,1.0,1.0,1.0,1.0,0
1.0,1.0,1.0,1.0,1.0,1.0,2.0,1.0,1.0,1.0,2.0,2.0,1,1,1,1,1.0,1.0,1.0,1.0,1.0,0
1.0,1.0,1.0,1.0,1.0,1.0,2.0,1.0,2.0,1.0,2.0,2.0,1,1,1,1,1.0,2.0,1.0,1.0,1.0,0
1.0,1.0,2.0,1.0,1.0,1.0,2.0,1.0,2.0,1.0,2.0,2.0,1,1,1,1,1.0,2.0,1.0,1.0,1.0,0
1.0,1.0,1.0,1.0,1.0,1.0,2.0,1.0,1.0,1.0,2.0,2.0,1,1,1,1,1.0,1.0,1.0,1.0,1.0,0
1.0,1.0,1.0,1.0,1.0,1.0,2.0,1.0,2.0,1.0,2.0,1.0,1,1,1,1,1.0,1.0,1.0,1.0,1.0,0
1.0,1.0,1.0,1.0,1.0,1.0,2.0,1.0,1.0,1.0,2.0,1.0,1,1,1,1,1.0,1.0,1.0,1.0,1.0,0
1.0,1.0,1.0,1.0,1.0,1.0,2.0,1.0,1.0,1.0,2.0,1.0,1,1,1,1,1.0,1.0,1.0,1.0,1.0,0
1.0,1.0,1.0,1.0,1.0,1.0,2.0,1.0,2.0,1.0,2.0,1.0,1,1,1,1,1.0,1.0,1.0,1.0,1.0,0
1.0,1.0,1.0,1.0,1.0,1.0,2.0,1.0,1.0,1.0,2.0,1.0,1,1,1,1,1.0,1.0,1.0,1.0,1.0,0
1.0,1.0,1.0,1.0,1.0,1.0,2.0,1.0,1.0,1.0,2.0,1.0,1,1,1,1,1.0,1.0,1.0,1.0,1.0,0
1.0,1.0,1.0,1.0,1.0,1.0,2.0,1.0,2.0,1.0,2.0,2.0,1,1,1,1,1.0,1.0,1.0,1.0,2.0,0
1.0,1.0,1.0,1.0,1.0,1.0,2.0,1.0,2.0,1.0,2.0,2.0,1,1,1,2,1.0,2.0,1.0,1.0,1.0,0
2.0,1.0,2.0,1.0,2.0,1.0,2.0,1.0,2.0,2.0,2.0,2.0,1,2,1,2,1.0,2.0,1.0,2.0,1.0,0
1.0,1.0,1.0,1.0,1.0,1.0,2.0,1.0,1.0,1.0,2.0,1.0,1,1,1,1,1.0,1.0,1.0,1.0,1.0,0
1.0,1.0,1.0,1.0,1.0,1.0,2.0,1.0,1.0,1.0,2.0,1.0,1,1,1,1,1.0,1.0,1.0,1.0,1.0,0
1.0,1.0,1.0,1.0,1.0,1.0,2.0,1.0,1.0,1.0,2.0,1.0,1,1,1,1,1.0,1.0,1.0,1.0,1.0,0
1.0,1.0,1.0,1.0,1.0,1.0,2.0,1.0,2.0,1.0,2.0,1.0,1,1,1,1,1.0,1.0,1.0,1.0,1.0,0
1.0,1.0,1.0,1.0,1.0,1.0,2.0,1.0,1.0,1.0,2.0,2.0,1,1,1,1,1.0,1.0,1.0,1.0,1.0,0
1.0,1.0,2.0,1.0,1.0,1.0,2.0,1.0,1.0,1.0,2.0,2.0,1,1,1,1,1.0,1.0,1.0,1.0,1.0,0
1.0,1.0,1.0,1.0,1.0,1.0,2.0,1.0,2.0,1.0,2.0,1.0,1,1,1,1,1.0,1.0,1.0,1.0,1.0,0
1.0,1.0,1.0,1.0,1.0,1.0,2.0,1.0,2.0,1.0,2.0,2.0,1,1,1,1,1.0,1.0,1.0,1.0,1.0,0
1.0,1.0,1.0,1.0,1.0,1.0,2.0,1.0,1.0,1.0,2.0,1.0,1,1,1,1,1.0,1.0,1.0,1.0,1.0,0
1.0,1.0,1.0,1.0,1.0,1.0,2.0,1.0,1.0,1.0,2.0,1.0,1,1,1,1,1.0,1.0,1.0,1.0,1.0,0
1.0,1.0,1.0,1.0,1.0,1.0,2.0,1.0,2.0,1.0,2.0,1.0,1,1,1,1,1.0,1.0,1.0,1.0,1.0,0
1.0,1.0,2.0,1.0,1.0,1.0,2.0,1.0,2.0,1.0,2.0,2.0,1,1,1,1,1.0,1.0,1.0,1.0,1.0,0
1.0,1.0,1.0,1.0,1.0,1.0,2.0,1.0,1.0,1.0,2.0,1.0,1,1,1,1,1.0,1.0,1.0,1.0,1.0,0
1.0,1.0,1.0,1.0,1.0,1.0,2.0,1.0,1.0,1.0,2.0,1.0,1,1,1,1,1.0,1.0,1.0,1.0,1.0,0
2.0,1.0,2.0,1.0,2.0,1.0,2.0,1.0,2.0,2.0,2.0,2.0,1,2,1,2,1.0,2.0,1.0,2.0,1.0,0
1.0,1.0,1.0,1.0,1.0,1.0,2.0,1.0,2.0,1.0,2.0,1.0,1,1,1,1,1.0,1.0,1.0,1.0,1.0,0
1.0,1.0,2.0,1.0,1.0,1.0,2.0,1.0,2.0,1.0,2.0,2.0,1,1,1,1,1.0,1.0,1.0,1.0,2.0,0
1.0,1.0,1.0,1.0,1.0,1.0,2.0,1.0,1.0,1.0,2.0,1.0,1,1,1,1,1.0,1.0,1.0,1.0,1.0,0
1.0,1.0,2.0,1.0,2.0,1.0,2.0,1.0,2.0,2.0,2.0,2.0,1,1,1,2,1.0,2.0,1.0,2.0,2.0,0
2.0,1.0,1.0,1.0,2.0,1.0,2.0,1.0,2.0,2.0,2.0,2.0,1,1,2,1,1.0,2.0,2.0,2.0,2.0,0
1.0,1.0,2.0,1.0,2.0,1.0,2.0,1.0,2.0,1.0,2.0,2.0,1,1,1,2,1.0,2.0,1.0,2.0,2.0,0
2.0,1.0,1.0,1.0,2.0,1.0,2.0,1.0,2.0,2.0,2.0,2.0,1,1,1,1,1.0,2.0,2.0,2.0,1.0,0
1.0,1.0,1.0,1.0,1.0,1.0,2.0,1.0,2.0,1.0,2.0,2.0,1,1,1,2,1.0,2.0,1.0,1.0,1.0,0
1.0,1.0,1.0,1.0,1.0,1.0,2.0,1.0,1.0,1.0,2.0,1.0,1,1,1,1,1.0,1.0,1.0,1.0,1.0,0
1.0,1.0,1.0,1.0,1.0,1.0,2.0,1.0,1.0,1.0,2.0,1.0,1,1,1,1,1.0,1.0,1.0,1.0,1.0,0
1.0,1.0,1.0,1.0,1.0,1.0,2.0,1.0,1.0,1.0,2.0,1.0,1,1,1,1,1.0,1.0,1.0,1.0,1.0,0
1.0,1.0,1.0,1.0,1.0,1.0,2.0,1.0,1.0,1.0,2.0,1.0,1,1,1,1,1.0,1.0,1.0,1.0,1.0,0
2.0,1.0,2.0,1.0,2.0,1.0,2.0,1.0,2.0,2.0,2.0,2.0,2,1,1,2,2.0,2.0,2.0,2.0,2.0,0
1.0,1.0,1.0,1.0,1.0,1.0,2.0,1.0,2.0,1.0,2.0,2.0,1,1,1,1,1.0,2.0,1.0,1.0,1.0,0
1.0,1.0,1.0,1.0,1.0,1.0,2.0,1.0,1.0,2.0,2.0,2.0,1,1,1,1,1.0,1.0,1.0,1.0,1.0,0
1.0,1.0,1.0,1.0,1.0,1.0,2.0,1.0,2.0,1.0,2.0,2.0,1,1,1,1,1.0,2.0,1.0,1.0,1.0,0
1.0,1.0,1.0,1.0,1.0,1.0,2.0,1.0,2.0,1.0,2.0,1.0,1,1,1,1,1.0,1.0,1.0,1.0,1.0,0
1.0,1.0,1.0,1.0,1.0,1.0,2.0,1.0,1.0,1.0,2.0,1.0,1,1,1,1,1.0,1.0,1.0,1.0,1.0,0
1.0,1.0,1.0,1.0,1.0,1.0,2.0,1.0,1.0,1.0,2.0,1.0,1,1,1,1,1.0,1.0,1.0,1.0,1.0,0
1.0,1.0,2.0,1.0,1.0,1.0,2.0,1.0,1.0,1.0,2.0,1.0,1,1,1,1,1.0,1.0,1.0,1.0,1.0,0
1.0,1.0,2.0,1.0,1.0,1.0,2.0,1.0,2.0,1.0,2.0,2.0,1,1,1,1,1.0,1.0,1.0,1.0,2.0,0
1.0,1.0,2.0,1.0,1.0,1.0,2.0,1.0,2.0,1.0,2.0,1.0,1,1,1,1,1.0,1.0,1.0,1.0,1.0,0
1.0,1.0,1.0,1.0,2.0,1.0,2.0,1.0,2.0,1.0,2.0,2.0,1,2,1,2,1.0,2.0,1.0,2.0,1.0,0
1.0,1.0,1.0,1.0,2.0,1.0,2.0,1.0,2.0,2.0,2.0,2.0,1,2,1,2,1.0,2.0,1.0,2.0,1.0,0
2.0,1.0,1.0,1.0,2.0,1.0,2.0,1.0,2.0,1.0,2.0,2.0,1,2,1,2,1.0,2.0,1.0,2.0,1.0,0
1.0,1.0,1.0,1.0,1.0,1.0,2.0,1.0,1.0,1.0,2.0,1.0,1,1,1,1,1.0,1.0,1.0,1.0,1.0,0
1.0,1.0,1.0,1.0,1.0,1.0,2.0,1.0,1.0,1.0,2.0,1.0,1,1,1,1,1.0,1.0,1.0,1.0,1.0,0
1.0,1.0,1.0,1.0,1.0,1.0,2.0,1.0,1.0,1.0,2.0,1.0,1,1,1,1,1.0,1.0,1.0,1.0,1.0,0
1.0,1.0,2.0,1.0,2.0,1.0,2.0,1.0,2.0,1.0,2.0,2.0,1,1,1,1,1.0,2.0,1.0,2.0,1.0,0
1.0,1.0,1.0,1.0,1.0,1.0,2.0,1.0,1.0,1.0,2.0,1.0,1,1,1,1,1.0,1.0,1.0,1.0,1.0,0
1.0,1.0,1.0,1.0,1.0,1.0,2.0,1.0,2.0,1.0,2.0,2.0,1,1,1,1,1.0,2.0,1.0,1.0,1.0,0
1.0,1.0,1.0,1.0,1.0,1.0,2.0,1.0,2.0,1.0,2.0,1.0,1,1,1,1,1.0,1.0,1.0,1.0,1.0,0
1.0,1.0,1.0,1.0,1.0,1.0,2.0,1.0,1.0,1.0,2.0,1.0,1,1,1,1,1.0,1.0,1.0,1.0,1.0,0
2.0,1.0,2.0,1.0,2.0,1.0,2.0,2.0,2.0,2.0,2.0,2.0,1,1,1,1,2.0,2.0,2.0,2.0,2.0,0
1.0,1.0,1.0,1.0,2.0,1.0,2.0,1.0,2.0,2.0,2.0,2.0,1,1,1,2,1.0,2.0,1.0,2.0,2.0,0
1.0,1.0,1.0,1.0,2.0,1.0,2.0,1.0,2.0,2.0,2.0,2.0,1,1,1,1,1.0,2.0,1.0,2.0,1.0,0
1.0,1.0,1.0,1.0,1.0,1.0,2.0,1.0,2.0,1.0,2.0,1.0,1,1,1,1,1.0,1.0,1.0,1.0,1.0,0
1.0,1.0,1.0,1.0,1.0,1.0,2.0,1.0,1.0,1.0,2.0,1.0,1,1,1,1,1.0,1.0,1.0,1.0,1.0,0
1.0,1.0,2.0,1.0,1.0,1.0,2.0,1.0,2.0,1.0,2.0,2.0,1,1,1,1,1.0,1.0,1.0,1.0,1.0,0
1.0,1.0,1.0,1.0,1.0,1.0,2.0,1.0,2.0,1.0,2.0,2.0,1,1,1,1,1.0,1.0,1.0,1.0,1.0,0
1.0,1.0,1.0,1.0,1.0,1.0,2.0,1.0,2.0,1.0,2.0,2.0,1,1,1,1,1.0,1.0,1.0,1.0,1.0,0
1.0,1.0,1.0,1.0,1.0,1.0,2.0,1.0,1.0,1.0,2.0,1.0,1,1,1,1,1.0,1.0,1.0,1.0,1.0,0
1.0,1.0,1.0,1.0,1.0,1.0,2.0,1.0,2.0,1.0,2.0,1.0,1,1,1,1,1.0,1.0,1.0,1.0,1.0,0
1.0,1.0,1.0,1.0,2.0,1.0,2.0,1.0,2.0,2.0,2.0,2.0,1,2,1,2,1.0,2.0,1.0,1.0,1.0,0
1.0,1.0,1.0,1.0,1.0,1.0,2.0,1.0,1.0,1.0,2.0,1.0,1,1,1,1,1.0,1.0,1.0,1.0,1.0,0
1.0,1.0,1.0,1.0,1.0,1.0,2.0,1.0,2.0,1.0,2.0,2.0,1,1,1,1,1.0,1.0,1.0,1.0,1.0,0
1.0,1.0,1.0,1.0,1.0,1.0,2.0,1.0,2.0,1.0,2.0,2.0,1,1,1,1,1.0,2.0,1.0,1.0,1.0,0
1.0,1.0,1.0,1.0,1.0,1.0,2.0,1.0,1.0,1.0,2.0,1.0,1,1,1,1,1.0,1.0,1.0,1.0,1.0,0
1.0,1.0,2.0,1.0,1.0,1.0,2.0,1.0,1.0,1.0,2.0,2.0,1,1,1,1,1.0,1.0,1.0,1.0,1.0,0
1.0,1.0,1.0,1.0,1.0,1.0,2.0,1.0,1.0,1.0,2.0,1.0,1,1,1,1,1.0,1.0,1.0,1.0,1.0,0
1.0,1.0,1.0,1.0,2.0,1.0,2.0,1.0,2.0,2.0,2.0,2.0,1,1,1,1,1.0,2.0,1.0,2.0,2.0,0
1.0,1.0,1.0,1.0,2.0,1.0,2.0,1.0,2.0,2.0,2.0,2.0,1,1,1,2,1.0,2.0,1.0,2.0,1.0,0
1.0,1.0,1.0,1.0,1.0,1.0,2.0,1.0,2.0,1.0,2.0,1.0,1,1,1,1,1.0,1.0,1.0,1.0,1.0,0
1.0,1.0,2.0,1.0,1.0,1.0,2.0,1.0,2.0,1.0,2.0,2.0,1,1,1,1,1.0,1.0,1.0,1.0,1.0,0
1.0,1.0,1.0,1.0,1.0,1.0,2.0,1.0,2.0,1.0,2.0,1.0,1,1,1,1,1.0,1.0,1.0,1.0,1.0,0
1.0,1.0,1.0,1.0,1.0,1.0,2.0,1.0,2.0,1.0,2.0,1.0,1,1,1,1,1.0,1.0,1.0,1.0,1.0,0
1.0,1.0,1.0,1.0,1.0,1.0,2.0,1.0,2.0,1.0,2.0,2.0,1,1,1,1,1.0,1.0,1.0,1.0,1.0,0
2.0,1.0,2.0,1.0,1.0,1.0,2.0,1.0,2.0,1.0,2.0,2.0,1,1,2,2,1.0,2.0,1.0,1.0,2.0,0
1.0,1.0,1.0,1.0,1.0,1.0,2.0,1.0,1.0,1.0,2.0,1.0,1,1,1,1,1.0,1.0,1.0,1.0,1.0,0
1.0,1.0,1.0,1.0,1.0,1.0,2.0,1.0,1.0,1.0,2.0,1.0,1,1,1,1,1.0,1.0,1.0,1.0,1.0,0
1.0,1.0,1.0,1.0,1.0,1.0,2.0,1.0,1.0,1.0,2.0,1.0,1,1,1,1,1.0,1.0,1.0,1.0,1.0,0
1.0,1.0,1.0,1.0,1.0,1.0,2.0,1.0,1.0,1.0,2.0,1.0,1,1,1,1,1.0,1.0,1.0,1.0,1.0,0
1.0,1.0,2.0,1.0,1.0,1.0,2.0,1.0,1.0,1.0,2.0,2.0,1,1,1,1,1.0,1.0,1.0,1.0,1.0,0
1.0,1.0,1.0,1.0,2.0,1.0,2.0,1.0,2.0,2.0,2.0,2.0,1,1,1,2,1.0,2.0,1.0,2.0,2.0,0
1.0,1.0,1.0,1.0,1.0,1.0,2.0,1.0,2.0,2.0,2.0,2.0,1,1,1,2,1.0,2.0,1.0,1.0,1.0,0
1.0,1.0,1.0,1.0,1.0,1.0,2.0,1.0,1.0,1.0,2.0,1.0,1,1,1,1,1.0,1.0,1.0,1.0,1.0,0
1.0,1.0,1.0,1.0,1.0,1.0,2.0,1.0,1.0,1.0,2.0,1.0,1,1,1,1,1.0,1.0,1.0,1.0,1.0,0
1.0,1.0,1.0,1.0,1.0,1.0,2.0,1.0,1.0,1.0,2.0,1.0,1,1,1,1,1.0,1.0,1.0,1.0,1.0,0
1.0,1.0,1.0,1.0,2.0,1.0,2.0,1.0,2.0,2.0,2.0,2.0,1,1,1,2,1.0,2.0,1.0,2.0,2.0,0
1.0,1.0,1.0,1.0,1.0,1.0,2.0,1.0,1.0,1.0,2.0,1.0,1,1,1,1,1.0,1.0,1.0,1.0,1.0,0
1.0,1.0,1.0,1.0,1.0,1.0,2.0,1.0,2.0,1.0,2.0,1.0,1,1,1,1,1.0,1.0,1.0,1.0,1.0,0
1.0,1.0,1.0,1.0,1.0,1.0,2.0,1.0,1.0,1.0,2.0,1.0,1,1,1,1,1.0,1.0,1.0,1.0,1.0,0
2.0,1.0,2.0,1.0,2.0,1.0,2.0,1.0,2.0,2.0,2.0,2.0,2,2,1,2,1.0,2.0,2.0,2.0,2.0,0
1.0,1.0,1.0,1.0,1.0,1.0,2.0,1.0,1.0,1.0,2.0,1.0,1,1,1,1,1.0,1.0,1.0,1.0,1.0,0
1.0,1.0,1.0,1.0,1.0,1.0,2.0,1.0,2.0,1.0,2.0,1.0,1,1,1,1,1.0,1.0,1.0,1.0,1.0,0
1.0,1.0,1.0,1.0,1.0,1.0,2.0,1.0,1.0,1.0,2.0,1.0,1,1,1,1,1.0,1.0,1.0,1.0,1.0,0
1.0,1.0,1.0,1.0,1.0,1.0,2.0,1.0,2.0,1.0,2.0,1.0,1,1,1,1,1.0,1.0,1.0,1.0,1.0,0
2.0,1.0,2.0,1.0,2.0,1.0,2.0,1.0,2.0,2.0,2.0,2.0,1,1,1,2,1.0,2.0,2.0,2.0,2.0,0
1.0,1.0,1.0,1.0,1.0,1.0,2.0,1.0,2.0,1.0,2.0,1.0,1,1,1,1,1.0,1.0,1.0,1.0,1.0,0
1.0,1.0,1.0,1.0,1.0,1.0,2.0,1.0,2.0,1.0,2.0,1.0,1,1,1,1,1.0,1.0,1.0,1.0,1.0,0
1.0,1.0,1.0,1.0,1.0,1.0,2.0,1.0,1.0,1.0,2.0,1.0,1,1,1,1,1.0,1.0,1.0,1.0,1.0,0
1.0,1.0,1.0,1.0,1.0,1.0,2.0,1.0,1.0,1.0,2.0,1.0,1,1,1,1,1.0,1.0,1.0,1.0,1.0,0
1.0,1.0,1.0,1.0,2.0,1.0,2.0,1.0,2.0,2.0,2.0,2.0,1,1,1,2,1.0,2.0,2.0,2.0,2.0,0
1.0,1.0,1.0,1.0,1.0,1.0,2.0,1.0,1.0,1.0,2.0,1.0,1,1,1,1,1.0,1.0,1.0,1.0,1.0,0
1.0,1.0,1.0,1.0,1.0,1.0,2.0,1.0,1.0,1.0,2.0,1.0,1,1,1,1,1.0,1.0,1.0,1.0,1.0,0
1.0,1.0,1.0,1.0,2.0,1.0,2.0,1.0,2.0,2.0,2.0,2.0,1,2,2,2,1.0,2.0,1.0,2.0,1.0,0
1.0,1.0,1.0,1.0,1.0,1.0,2.0,1.0,1.0,1.0,2.0,1.0,1,1,1,1,1.0,1.0,1.0,1.0,1.0,0
1.0,1.0,1.0,1.0,1.0,1.0,2.0,1.0,1.0,1.0,2.0,2.0,1,1,1,1,1.0,1.0,1.0,1.0,1.0,0
1.0,1.0,1.0,1.0,1.0,1.0,2.0,1.0,1.0,1.0,2.0,1.0,1,1,1,1,1.0,1.0,1.0,1.0,1.0,0
1.0,1.0,1.0,1.0,1.0,1.0,2.0,1.0,1.0,1.0,2.0,1.0,1,1,1,1,1.0,1.0,1.0,1.0,1.0,0
1.0,1.0,1.0,1.0,1.0,1.0,2.0,1.0,2.0,1.0,2.0,2.0,1,1,1,1,1.0,1.0,1.0,1.0,1.0,0
2.0,1.0,2.0,1.0,2.0,1.0,2.0,1.0,2.0,2.0,2.0,2.0,2,1,2,2,2.0,2.0,2.0,2.0,2.0,0
1.0,1.0,1.0,1.0,1.0,1.0,2.0,1.0,2.0,1.0,2.0,1.0,1,1,1,1,1.0,1.0,1.0,1.0,1.0,0
1.0,1.0,1.0,1.0,1.0,1.0,2.0,1.0,1.0,1.0,2.0,1.0,1,1,1,1,1.0,1.0,1.0,1.0,1.0,0
1.0,1.0,1.0,1.0,2.0,1.0,2.0,1.0,2.0,2.0,2.0,2.0,1,2,1,1,1.0,2.0,1.0,2.0,1.0,0
1.0,1.0,1.0,1.0,1.0,1.0,2.0,1.0,1.0,1.0,2.0,1.0,1,1,1,1,1.0,1.0,1.0,1.0,1.0,0
1.0,1.0,1.0,1.0,2.0,1.0,2.0,1.0,2.0,2.0,2.0,2.0,1,1,1,2,1.0,2.0,2.0,2.0,2.0,0
1.0,1.0,1.0,1.0,1.0,1.0,2.0,1.0,2.0,1.0,2.0,2.0,1,1,1,1,1.0,2.0,1.0,1.0,1.0,0
1.0,1.0,1.0,1.0,1.0,1.0,2.0,1.0,2.0,1.0,2.0,1.0,1,1,1,1,1.0,1.0,1.0,1.0,1.0,0
1.0,1.0,1.0,1.0,1.0,1.0,2.0,1.0,2.0,1.0,2.0,1.0,1,1,1,1,1.0,1.0,1.0,1.0,1.0,0
2.0,1.0,1.0,1.0,2.0,1.0,2.0,2.0,2.0,2.0,2.0,2.0,2,2,2,2,1.0,2.0,2.0,2.0,2.0,0
1.0,1.0,1.0,1.0,2.0,1.0,2.0,1.0,2.0,2.0,2.0,2.0,1,1,1,1,1.0,2.0,1.0,2.0,1.0,0
1.0,1.0,2.0,1.0,1.0,1.0,2.0,1.0,2.0,1.0,2.0,2.0,1,1,1,1,1.0,1.0,1.0,1.0,1.0,0
1.0,1.0,1.0,1.0,1.0,1.0,2.0,1.0,2.0,1.0,2.0,1.0,1,1,1,1,1.0,1.0,1.0,1.0,1.0,0
2.0,1.0,2.0,1.0,2.0,1.0,2.0,2.0,2.0,2.0,2.0,2.0,2,1,1,1,2.0,2.0,2.0,2.0,2.0,0
2.0,1.0,1.0,1.0,2.0,1.0,2.0,1.0,2.0,2.0,2.0,2.0,1,1,1,2,2.0,2.0,1.0,2.0,2.0,0
1.0,1.0,1.0,1.0,1.0,1.0,2.0,1.0,2.0,1.0,2.0,1.0,1,1,1,1,1.0,1.0,1.0,1.0,1.0,0
1.0,1.0,1.0,1.0,1.0,1.0,2.0,1.0,2.0,1.0,2.0,1.0,1,1,1,1,1.0,1.0,1.0,1.0,1.0,0
1.0,1.0,1.0,1.0,2.0,1.0,2.0,1.0,2.0,2.0,2.0,2.0,1,1,1,2,1.0,2.0,1.0,2.0,1.0,0
1.0,1.0,1.0,1.0,2.0,1.0,2.0,1.0,2.0,2.0,2.0,2.0,1,1,1,1,1.0,2.0,1.0,2.0,1.0,0
1.0,1.0,1.0,1.0,2.0,1.0,2.0,1.0,2.0,2.0,2.0,2.0,1,2,1,1,1.0,2.0,1.0,2.0,1.0,0
2.0,1.0,1.0,1.0,2.0,1.0,2.0,1.0,2.0,2.0,2.0,2.0,1,1,1,2,1.0,2.0,1.0,2.0,2.0,0
1.0,1.0,1.0,1.0,1.0,1.0,2.0,1.0,1.0,1.0,2.0,1.0,1,1,1,1,1.0,1.0,1.0,1.0,1.0,0
1.0,1.0,1.0,1.0,2.0,1.0,2.0,1.0,2.0,2.0,2.0,2.0,1,1,1,2,1.0,2.0,2.0,2.0,2.0,0
1.0,1.0,1.0,1.0,1.0,1.0,2.0,1.0,1.0,1.0,2.0,1.0,1,1,1,1,1.0,1.0,1.0,1.0,1.0,0
2.0,1.0,2.0,1.0,2.0,1.0,2.0,1.0,2.0,2.0,2.0,2.0,1,2,1,2,1.0,2.0,2.0,2.0,2.0,0
2.0,1.0,1.0,1.0,1.0,1.0,2.0,1.0,2.0,1.0,2.0,2.0,1,1,1,1,1.0,2.0,1.0,1.0,1.0,0
2.0,1.0,1.0,1.0,2.0,1.0,2.0,1.0,2.0,2.0,2.0,2.0,1,1,1,2,1.0,2.0,2.0,2.0,1.0,0
2.0,1.0,1.0,1.0,2.0,1.0,2.0,2.0,2.0,2.0,2.0,2.0,2,2,2,2,1.0,2.0,2.0,2.0,2.0,0
1.0,1.0,2.0,1.0,1.0,1.0,2.0,1.0,2.0,1.0,2.0,2.0,1,1,1,1,1.0,1.0,1.0,1.0,1.0,0
1.0,1.0,1.0,1.0,1.0,1.0,2.0,1.0,1.0,1.0,2.0,1.0,1,1,1,1,1.0,1.0,1.0,1.0,1.0,0
1.0,1.0,1.0,1.0,1.0,1.0,2.0,1.0,1.0,1.0,2.0,1.0,1,1,1,1,1.0,1.0,1.0,1.0,1.0,0
1.0,1.0,1.0,1.0,1.0,1.0,2.0,1.0,2.0,1.0,2.0,1.0,1,1,1,1,1.0,1.0,1.0,1.0,1.0,0
1.0,1.0,1.0,1.0,2.0,1.0,2.0,1.0,2.0,2.0,2.0,2.0,1,1,1,1,1.0,2.0,2.0,2.0,1.0,0
1.0,1.0,1.0,1.0,2.0,1.0,2.0,1.0,2.0,1.0,2.0,2.0,1,1,1,1,1.0,2.0,1.0,2.0,1.0,0
1.0,1.0,2.0,1.0,1.0,1.0,2.0,1.0,1.0,1.0,2.0,2.0,1,1,1,1,1.0,1.0,1.0,1.0,1.0,0
1.0,1.0,2.0,1.0,1.0,1.0,2.0,1.0,2.0,1.0,2.0,2.0,1,1,1,1,1.0,2.0,1.0,1.0,1.0,0
1.0,1.0,1.0,1.0,2.0,1.0,2.0,1.0,2.0,2.0,2.0,2.0,1,2,1,1,1.0,2.0,1.0,2.0,1.0,0
1.0,1.0,1.0,1.0,1.0,1.0,2.0,1.0,1.0,1.0,2.0,1.0,1,1,1,1,1.0,1.0,1.0,1.0,1.0,0
1.0,1.0,1.0,1.0,1.0,1.0,2.0,1.0,1.0,1.0,2.0,1.0,1,1,1,1,1.0,1.0,1.0,1.0,1.0,0
1.0,1.0,1.0,1.0,1.0,1.0,2.0,1.0,2.0,1.0,2.0,2.0,1,1,1,1,1.0,2.0,1.0,1.0,1.0,0
2.0,1.0,2.0,1.0,2.0,1.0,2.0,1.0,2.0,2.0,2.0,2.0,1,2,1,2,1.0,2.0,2.0,2.0,2.0,0
1.0,1.0,1.0,1.0,1.0,1.0,2.0,1.0,1.0,1.0,2.0,1.0,1,1,1,1,1.0,1.0,1.0,1.0,1.0,0
1.0,1.0,2.0,1.0,1.0,1.0,2.0,1.0,2.0,1.0,2.0,2.0,1,1,1,1,1.0,2.0,1.0,1.0,1.0,0
1.0,1.0,1.0,1.0,1.0,1.0,2.0,1.0,1.0,1.0,2.0,1.0,1,1,1,1,1.0,1.0,1.0,1.0,1.0,0
1.0,1.0,1.0,1.0,1.0,1.0,2.0,1.0,1.0,1.0,2.0,1.0,1,1,1,1,1.0,1.0,1.0,1.0,1.0,0
1.0,1.0,1.0,1.0,1.0,1.0,2.0,1.0,1.0,1.0,2.0,1.0,1,1,1,1,1.0,1.0,1.0,1.0,1.0,0
1.0,1.0,1.0,1.0,1.0,1.0,2.0,1.0,2.0,1.0,2.0,1.0,1,1,1,1,1.0,1.0,1.0,1.0,1.0,0
1.0,1.0,2.0,1.0,1.0,1.0,2.0,1.0,1.0,1.0,2.0,2.0,1,1,1,1,1.0,1.0,1.0,1.0,1.0,0
1.0,1.0,2.0,1.0,2.0,1.0,2.0,1.0,2.0,2.0,2.0,2.0,1,1,1,2,1.0,1.0,1.0,2.0,2.0,0
1.0,1.0,2.0,1.0,2.0,1.0,2.0,1.0,2.0,2.0,2.0,2.0,1,1,1,2,1.0,2.0,2.0,2.0,2.0,0
1.0,1.0,1.0,1.0,1.0,1.0,2.0,1.0,2.0,1.0,2.0,1.0,1,1,1,1,1.0,1.0,1.0,1.0,1.0,0
2.0,1.0,1.0,1.0,2.0,1.0,2.0,1.0,2.0,2.0,2.0,2.0,1,1,1,2,1.0,2.0,2.0,2.0,1.0,0
1.0,1.0,1.0,1.0,2.0,1.0,2.0,1.0,2.0,2.0,2.0,2.0,1,2,1,1,1.0,2.0,1.0,2.0,1.0,0
2.0,1.0,1.0,1.0,2.0,1.0,2.0,1.0,2.0,2.0,2.0,2.0,1,1,1,2,2.0,2.0,1.0,2.0,2.0,0
1.0,1.0,1.0,1.0,1.0,1.0,2.0,1.0,2.0,1.0,2.0,1.0,1,1,1,1,1.0,1.0,1.0,1.0,1.0,0
1.0,1.0,1.0,1.0,1.0,1.0,2.0,1.0,1.0,1.0,2.0,1.0,1,1,1,1,1.0,1.0,1.0,1.0,1.0,0
1.0,1.0,1.0,1.0,2.0,1.0,2.0,1.0,2.0,2.0,2.0,2.0,1,2,1,1,1.0,2.0,1.0,2.0,1.0,0
1.0,1.0,1.0,1.0,1.0,1.0,2.0,1.0,1.0,1.0,2.0,1.0,1,1,1,1,1.0,1.0,1.0,1.0,1.0,0
1.0,1.0,1.0,1.0,1.0,1.0,2.0,1.0,1.0,1.0,2.0,1.0,1,1,1,1,1.0,1.0,1.0,1.0,1.0,0
1.0,1.0,1.0,1.0,1.0,1.0,2.0,1.0,2.0,1.0,2.0,1.0,1,1,1,1,1.0,1.0,1.0,1.0,1.0,0
1.0,1.0,1.0,1.0,1.0,1.0,2.0,1.0,1.0,1.0,2.0,1.0,1,1,1,1,1.0,1.0,1.0,1.0,1.0,0
2.0,1.0,2.0,1.0,2.0,1.0,2.0,1.0,2.0,2.0,2.0,2.0,2,1,1,1,1.0,2.0,2.0,2.0,2.0,0
1.0,1.0,2.0,1.0,1.0,1.0,2.0,1.0,2.0,1.0,2.0,2.0,1,1,1,2,1.0,1.0,1.0,1.0,1.0,0
1.0,1.0,1.0,1.0,2.0,1.0,2.0,1.0,2.0,1.0,2.0,2.0,1,1,1,2,1.0,2.0,1.0,1.0,1.0,0
1.0,1.0,1.0,1.0,1.0,1.0,2.0,1.0,1.0,1.0,2.0,1.0,1,1,1,1,1.0,1.0,1.0,1.0,1.0,0
1.0,1.0,2.0,1.0,1.0,1.0,2.0,1.0,2.0,1.0,2.0,2.0,1,1,1,1,1.0,2.0,1.0,1.0,1.0,0
1.0,1.0,2.0,1.0,1.0,1.0,2.0,1.0,2.0,1.0,2.0,2.0,1,1,1,1,1.0,2.0,1.0,1.0,1.0,0
1.0,1.0,1.0,1.0,2.0,1.0,2.0,1.0,2.0,2.0,2.0,2.0,1,1,1,2,1.0,2.0,2.0,2.0,1.0,0
1.0,1.0,1.0,1.0,1.0,1.0,2.0,1.0,2.0,1.0,2.0,1.0,1,1,1,1,1.0,1.0,1.0,1.0,1.0,0
1.0,1.0,2.0,1.0,1.0,1.0,2.0,1.0,2.0,1.0,2.0,2.0,1,1,1,1,1.0,2.0,1.0,1.0,1.0,0
1.0,1.0,1.0,1.0,1.0,1.0,2.0,1.0,2.0,1.0,2.0,2.0,1,1,1,1,1.0,1.0,1.0,1.0,1.0,0
2.0,1.0,1.0,1.0,2.0,1.0,2.0,2.0,2.0,2.0,2.0,2.0,2,1,1,1,1.0,2.0,2.0,2.0,2.0,0
1.0,1.0,1.0,1.0,1.0,1.0,2.0,1.0,1.0,1.0,2.0,1.0,1,1,1,1,1.0,1.0,1.0,1.0,1.0,0
1.0,1.0,1.0,1.0,1.0,1.0,2.0,1.0,2.0,1.0,2.0,1.0,1,1,1,1,1.0,1.0,1.0,1.0,1.0,0
1.0,1.0,1.0,1.0,1.0,1.0,2.0,1.0,1.0,1.0,2.0,1.0,1,1,1,1,1.0,1.0,1.0,1.0,1.0,0
1.0,1.0,2.0,1.0,2.0,1.0,2.0,2.0,2.0,2.0,2.0,2.0,1,1,1,1,2.0,2.0,2.0,2.0,2.0,0
1.0,1.0,2.0,1.0,1.0,1.0,2.0,1.0,2.0,1.0,2.0,2.0,1,2,1,2,1.0,1.0,1.0,1.0,1.0,0
1.0,1.0,1.0,1.0,2.0,1.0,2.0,1.0,2.0,1.0,2.0,2.0,1,1,1,1,1.0,2.0,1.0,2.0,1.0,0
2.0,1.0,1.0,1.0,1.0,1.0,2.0,1.0,2.0,1.0,2.0,2.0,1,1,1,2,1.0,2.0,1.0,1.0,2.0,0
1.0,1.0,2.0,1.0,1.0,1.0,2.0,1.0,2.0,1.0,2.0,2.0,1,1,1,1,1.0,2.0,1.0,1.0,1.0,0
2.0,1.0,1.0,1.0,2.0,1.0,2.0,1.0,2.0,2.0,2.0,2.0,1,1,1,2,1.0,2.0,2.0,2.0,1.0,0
1.0,1.0,1.0,1.0,2.0,1.0,2.0,1.0,2.0,1.0,2.0,2.0,1,1,1,1,1.0,2.0,1.0,2.0,1.0,0
1.0,1.0,1.0,1.0,1.0,1.0,2.0,1.0,2.0,1.0,2.0,2.0,1,1,1,1,1.0,2.0,1.0,1.0,1.0,0
1.0,1.0,1.0,1.0,1.0,1.0,2.0,1.0,1.0,1.0,2.0,1.0,1,1,1,1,1.0,1.0,1.0,1.0,1.0,0
1.0,1.0,1.0,1.0,1.0,1.0,2.0,1.0,1.0,1.0,2.0,1.0,1,1,1,1,1.0,1.0,1.0,1.0,1.0,0
1.0,1.0,1.0,1.0,1.0,1.0,2.0,1.0,2.0,1.0,2.0,2.0,1,1,1,1,1.0,1.0,1.0,1.0,2.0,0
1.0,1.0,1.0,1.0,1.0,1.0,2.0,1.0,2.0,1.0,2.0,1.0,1,1,1,1,1.0,1.0,1.0,1.0,1.0,0
1.0,1.0,1.0,1.0,1.0,1.0,2.0,1.0,1.0,1.0,2.0,1.0,1,1,1,1,1.0,1.0,1.0,1.0,1.0,0
1.0,1.0,1.0,1.0,1.0,1.0,2.0,1.0,2.0,1.0,2.0,2.0,1,1,1,1,1.0,1.0,1.0,1.0,1.0,0
1.0,1.0,1.0,1.0,2.0,1.0,2.0,1.0,2.0,2.0,2.0,2.0,1,1,1,2,1.0,2.0,1.0,2.0,1.0,0
1.0,1.0,1.0,1.0,1.0,1.0,2.0,1.0,1.0,1.0,2.0,1.0,1,1,1,1,1.0,1.0,1.0,1.0,1.0,0
1.0,1.0,2.0,1.0,1.0,1.0,2.0,1.0,2.0,1.0,2.0,2.0,1,1,1,1,1.0,2.0,1.0,1.0,1.0,0
1.0,1.0,1.0,1.0,1.0,1.0,2.0,1.0,2.0,1.0,2.0,1.0,1,1,1,1,1.0,1.0,1.0,1.0,1.0,0
1.0,1.0,1.0,1.0,1.0,1.0,2.0,1.0,2.0,1.0,2.0,1.0,1,1,1,1,1.0,1.0,1.0,1.0,1.0,0
1.0,1.0,1.0,1.0,1.0,1.0,2.0,1.0,2.0,1.0,2.0,1.0,1,1,1,1,1.0,1.0,1.0,1.0,1.0,0
1.0,1.0,1.0,1.0,1.0,1.0,2.0,1.0,2.0,1.0,2.0,2.0,1,1,1,1,1.0,2.0,1.0,1.0,1.0,0
2.0,1.0,1.0,1.0,2.0,1.0,2.0,1.0,2.0,2.0,2.0,2.0,1,1,1,2,1.0,2.0,1.0,2.0,1.0,0
1.0,1.0,1.0,1.0,1.0,1.0,2.0,1.0,1.0,1.0,2.0,1.0,1,1,1,1,1.0,1.0,1.0,1.0,1.0,0
2.0,1.0,1.0,1.0,2.0,1.0,2.0,2.0,2.0,2.0,2.0,2.0,2,1,1,1,2.0,2.0,2.0,2.0,2.0,0
1.0,1.0,2.0,1.0,1.0,1.0,2.0,1.0,2.0,1.0,2.0,2.0,1,1,1,1,1.0,2.0,1.0,1.0,1.0,0
1.0,1.0,1.0,1.0,2.0,1.0,2.0,1.0,2.0,1.0,2.0,2.0,1,1,1,1,1.0,1.0,1.0,2.0,1.0,0
1.0,1.0,1.0,1.0,2.0,1.0,2.0,1.0,2.0,2.0,2.0,2.0,1,2,1,2,1.0,2.0,1.0,2.0,1.0,0
1.0,1.0,2.0,1.0,1.0,1.0,2.0,1.0,2.0,1.0,2.0,2.0,1,1,1,1,1.0,2.0,1.0,1.0,1.0,0
1.0,1.0,1.0,1.0,1.0,1.0,2.0,1.0,2.0,1.0,2.0,1.0,1,1,1,1,1.0,1.0,1.0,1.0,1.0,0
1.0,1.0,1.0,1.0,1.0,1.0,2.0,1.0,2.0,1.0,2.0,2.0,1,1,1,1,1.0,1.0,1.0,1.0,1.0,0
1.0,1.0,1.0,1.0,1.0,1.0,2.0,1.0,2.0,1.0,2.0,2.0,1,2,1,2,1.0,2.0,1.0,1.0,1.0,0
1.0,1.0,1.0,1.0,1.0,1.0,2.0,1.0,2.0,1.0,2.0,1.0,1,1,1,1,1.0,1.0,1.0,1.0,1.0,0
1.0,1.0,1.0,1.0,1.0,1.0,2.0,1.0,1.0,1.0,2.0,2.0,1,1,1,1,1.0,1.0,1.0,1.0,1.0,0
1.0,1.0,1.0,1.0,1.0,1.0,2.0,1.0,1.0,1.0,2.0,1.0,1,1,1,1,1.0,1.0,1.0,1.0,1.0,0
1.0,1.0,2.0,1.0,2.0,1.0,2.0,1.0,2.0,2.0,2.0,2.0,1,1,1,1,1.0,2.0,1.0,2.0,2.0,0
2.0,1.0,2.0,1.0,2.0,1.0,2.0,1.0,2.0,2.0,2.0,2.0,1,1,1,2,1.0,2.0,1.0,2.0,2.0,0
2.0,1.0,1.0,1.0,2.0,1.0,2.0,2.0,2.0,2.0,2.0,2.0,1,1,1,2,2.0,2.0,2.0,2.0,2.0,0
1.0,1.0,1.0,1.0,1.0,1.0,2.0,1.0,2.0,2.0,2.0,2.0,1,1,1,1,1.0,1.0,1.0,1.0,1.0,0
1.0,1.0,1.0,1.0,1.0,1.0,2.0,1.0,2.0,1.0,2.0,2.0,1,1,1,1,1.0,1.0,1.0,1.0,1.0,0
1.0,1.0,1.0,1.0,1.0,1.0,2.0,1.0,2.0,1.0,2.0,1.0,1,1,1,1,1.0,1.0,1.0,1.0,1.0,0
1.0,1.0,1.0,1.0,2.0,1.0,2.0,1.0,2.0,2.0,2.0,2.0,1,1,1,1,1.0,2.0,1.0,2.0,1.0,0
1.0,1.0,1.0,1.0,1.0,1.0,2.0,1.0,1.0,1.0,2.0,1.0,1,1,1,1,1.0,1.0,1.0,1.0,1.0,0
1.0,1.0,1.0,1.0,1.0,1.0,2.0,1.0,2.0,1.0,2.0,2.0,1,1,1,1,1.0,2.0,1.0,1.0,1.0,0
2.0,1.0,2.0,1.0,2.0,1.0,2.0,1.0,2.0,2.0,2.0,2.0,2,2,1,2,1.0,2.0,2.0,2.0,2.0,0
1.0,1.0,1.0,1.0,1.0,1.0,2.0,1.0,1.0,1.0,2.0,2.0,1,1,1,1,1.0,1.0,1.0,1.0,1.0,0
1.0,1.0,1.0,1.0,1.0,1.0,2.0,1.0,1.0,1.0,2.0,1.0,1,1,1,1,1.0,1.0,1.0,1.0,1.0,0
1.0,1.0,2.0,1.0,2.0,1.0,2.0,1.0,2.0,2.0,2.0,2.0,1,1,1,1,1.0,2.0,1.0,2.0,2.0,0
1.0,1.0,1.0,1.0,1.0,1.0,2.0,1.0,2.0,1.0,2.0,1.0,1,1,1,1,1.0,1.0,1.0,1.0,1.0,0
1.0,1.0,1.0,1.0,1.0,1.0,2.0,1.0,2.0,1.0,2.0,1.0,1,1,1,1,1.0,1.0,1.0,1.0,1.0,0
1.0,1.0,1.0,1.0,1.0,1.0,2.0,1.0,1.0,1.0,2.0,1.0,1,1,1,1,1.0,1.0,1.0,1.0,1.0,0
2.0,1.0,1.0,1.0,2.0,1.0,2.0,2.0,2.0,2.0,2.0,2.0,2,1,1,2,2.0,2.0,2.0,2.0,2.0,0
1.0,1.0,1.0,1.0,1.0,1.0,2.0,1.0,2.0,1.0,2.0,2.0,1,1,1,1,1.0,2.0,1.0,1.0,1.0,0
1.0,1.0,1.0,1.0,1.0,1.0,2.0,1.0,1.0,1.0,2.0,1.0,1,1,1,1,1.0,1.0,1.0,1.0,1.0,0
1.0,1.0,1.0,1.0,1.0,1.0,2.0,1.0,2.0,1.0,2.0,2.0,1,1,1,1,1.0,1.0,1.0,1.0,1.0,0
1.0,1.0,1.0,1.0,1.0,1.0,2.0,1.0,1.0,1.0,2.0,1.0,1,1,1,1,1.0,1.0,1.0,1.0,1.0,0
1.0,1.0,1.0,1.0,1.0,1.0,2.0,1.0,1.0,1.0,2.0,1.0,1,1,1,1,1.0,1.0,1.0,1.0,1.0,0
2.0,1.0,2.0,1.0,2.0,1.0,2.0,1.0,2.0,2.0,2.0,2.0,2,2,1,2,1.0,2.0,2.0,2.0,2.0,0
2.0,1.0,2.0,1.0,2.0,1.0,2.0,1.0,2.0,2.0,2.0,2.0,1,1,1,2,2.0,2.0,1.0,2.0,2.0,0
1.0,1.0,1.0,1.0,2.0,1.0,2.0,1.0,2.0,2.0,2.0,2.0,1,1,1,1,1.0,2.0,2.0,2.0,1.0,0
1.0,1.0,2.0,1.0,1.0,1.0,2.0,1.0,2.0,1.0,2.0,2.0,1,1,1,1,1.0,1.0,1.0,1.0,1.0,0
1.0,1.0,1.0,1.0,1.0,1.0,2.0,1.0,1.0,1.0,2.0,1.0,1,1,1,1,1.0,1.0,1.0,1.0,1.0,0
1.0,1.0,1.0,1.0,1.0,1.0,2.0,1.0,2.0,1.0,2.0,2.0,1,1,1,1,1.0,1.0,1.0,1.0,1.0,0
1.0,1.0,1.0,1.0,1.0,1.0,2.0,1.0,2.0,1.0,2.0,1.0,1,1,1,1,1.0,1.0,1.0,1.0,1.0,0
2.0,1.0,2.0,1.0,2.0,1.0,2.0,1.0,2.0,2.0,2.0,2.0,2,2,2,2,1.0,2.0,2.0,2.0,2.0,0
1.0,1.0,1.0,1.0,1.0,1.0,2.0,1.0,1.0,1.0,2.0,1.0,1,1,1,1,1.0,1.0,1.0,1.0,1.0,0
1.0,1.0,1.0,1.0,1.0,1.0,2.0,1.0,2.0,1.0,2.0,2.0,1,1,1,1,1.0,2.0,1.0,1.0,1.0,0
1.0,1.0,1.0,1.0,1.0,1.0,2.0,1.0,1.0,1.0,2.0,1.0,1,1,1,1,1.0,1.0,1.0,1.0,1.0,0
2.0,1.0,1.0,1.0,2.0,1.0,2.0,1.0,2.0,2.0,2.0,2.0,1,1,1,2,1.0,2.0,1.0,2.0,2.0,0
2.0,1.0,2.0,1.0,2.0,1.0,2.0,1.0,2.0,2.0,2.0,2.0,1,2,1,1,1.0,2.0,1.0,2.0,2.0,0
1.0,1.0,1.0,1.0,1.0,1.0,2.0,1.0,1.0,1.0,2.0,1.0,1,1,1,1,1.0,1.0,1.0,1.0,1.0,0
1.0,1.0,1.0,1.0,1.0,1.0,2.0,1.0,1.0,1.0,2.0,1.0,1,1,1,1,1.0,1.0,1.0,1.0,1.0,0
1.0,1.0,1.0,1.0,1.0,1.0,2.0,1.0,2.0,1.0,2.0,2.0,1,1,1,1,1.0,1.0,1.0,1.0,1.0,0
1.0,1.0,1.0,1.0,1.0,1.0,2.0,1.0,1.0,1.0,2.0,1.0,1,1,1,1,1.0,1.0,1.0,1.0,1.0,0
1.0,1.0,1.0,1.0,1.0,1.0,2.0,1.0,1.0,1.0,2.0,1.0,1,1,1,1,1.0,1.0,1.0,1.0,1.0,0
1.0,1.0,2.0,1.0,2.0,1.0,2.0,1.0,2.0,1.0,2.0,2.0,1,1,1,2,1.0,2.0,1.0,1.0,1.0,0
2.0,1.0,2.0,1.0,2.0,1.0,2.0,1.0,2.0,2.0,2.0,2.0,1,2,1,2,1.0,2.0,2.0,2.0,2.0,0
1.0,1.0,1.0,1.0,1.0,1.0,2.0,1.0,2.0,1.0,2.0,2.0,1,1,1,1,1.0,1.0,1.0,1.0,1.0,0
1.0,1.0,1.0,1.0,1.0,1.0,2.0,1.0,1.0,1.0,2.0,2.0,1,1,1,1,1.0,1.0,1.0,1.0,1.0,0
1.0,1.0,1.0,1.0,2.0,1.0,2.0,1.0,2.0,2.0,2.0,2.0,1,2,1,2,1.0,2.0,1.0,2.0,1.0,0
1.0,1.0,1.0,1.0,1.0,1.0,2.0,1.0,1.0,1.0,2.0,1.0,1,1,1,1,1.0,1.0,1.0,1.0,1.0,0
1.0,1.0,1.0,1.0,1.0,1.0,2.0,1.0,2.0,1.0,2.0,2.0,1,1,1,1,1.0,1.0,1.0,1.0,1.0,0
1.0,1.0,1.0,1.0,1.0,1.0,2.0,1.0,2.0,1.0,2.0,1.0,1,1,1,1,1.0,1.0,1.0,1.0,1.0,0
1.0,1.0,1.0,1.0,1.0,1.0,2.0,1.0,1.0,1.0,2.0,1.0,1,1,1,1,1.0,1.0,1.0,1.0,1.0,0
1.0,1.0,1.0,1.0,1.0,1.0,2.0,1.0,1.0,1.0,2.0,1.0,1,1,1,1,1.0,1.0,1.0,1.0,1.0,0
1.0,1.0,1.0,1.0,1.0,1.0,2.0,1.0,1.0,1.0,2.0,1.0,1,1,1,1,1.0,1.0,1.0,1.0,1.0,0
1.0,1.0,2.0,1.0,1.0,1.0,2.0,1.0,2.0,1.0,2.0,2.0,1,1,1,2,1.0,2.0,1.0,1.0,2.0,0
2.0,1.0,1.0,1.0,2.0,1.0,2.0,1.0,2.0,2.0,2.0,2.0,1,2,1,2,1.0,2.0,2.0,2.0,2.0,0
1.0,1.0,2.0,1.0,2.0,1.0,2.0,1.0,2.0,2.0,2.0,2.0,1,1,1,2,1.0,2.0,1.0,2.0,2.0,0
1.0,1.0,1.0,1.0,1.0,1.0,2.0,1.0,2.0,1.0,2.0,2.0,1,1,1,1,1.0,1.0,1.0,1.0,1.0,0
1.0,1.0,1.0,1.0,1.0,1.0,2.0,1.0,2.0,1.0,2.0,1.0,1,1,1,1,1.0,1.0,1.0,1.0,1.0,0
1.0,1.0,1.0,1.0,2.0,1.0,2.0,1.0,2.0,2.0,2.0,2.0,1,1,1,1,1.0,1.0,1.0,1.0,1.0,0
1.0,1.0,1.0,1.0,1.0,1.0,2.0,1.0,2.0,1.0,2.0,1.0,1,1,1,1,1.0,1.0,1.0,1.0,1.0,0
1.0,1.0,1.0,1.0,1.0,1.0,2.0,1.0,2.0,1.0,2.0,2.0,1,2,1,1,1.0,2.0,1.0,1.0,1.0,0
1.0,1.0,1.0,1.0,1.0,1.0,2.0,1.0,1.0,1.0,2.0,1.0,1,1,1,1,1.0,1.0,1.0,1.0,1.0,0
1.0,1.0,1.0,1.0,1.0,1.0,2.0,1.0,1.0,1.0,2.0,1.0,1,1,1,1,1.0,1.0,1.0,1.0,1.0,0
1.0,1.0,1.0,1.0,1.0,1.0,2.0,1.0,1.0,1.0,2.0,1.0,1,1,1,1,1.0,1.0,1.0,1.0,1.0,0
1.0,1.0,2.0,1.0,2.0,1.0,2.0,1.0,2.0,2.0,2.0,2.0,1,1,1,1,1.0,2.0,1.0,2.0,2.0,0
1.0,1.0,1.0,1.0,1.0,1.0,2.0,1.0,2.0,1.0,2.0,2.0,1,1,1,1,1.0,1.0,1.0,1.0,1.0,0
2.0,1.0,1.0,1.0,2.0,1.0,2.0,1.0,2.0,2.0,2.0,2.0,1,2,1,2,1.0,2.0,2.0,2.0,2.0,0
1.0,1.0,2.0,1.0,1.0,1.0,2.0,1.0,1.0,1.0,2.0,1.0,1,1,1,1,1.0,1.0,1.0,1.0,1.0,0
1.0,1.0,1.0,1.0,1.0,1.0,2.0,1.0,1.0,1.0,2.0,1.0,1,1,1,1,1.0,1.0,1.0,1.0,1.0,0
1.0,1.0,1.0,1.0,1.0,1.0,2.0,1.0,2.0,1.0,2.0,2.0,1,1,1,1,1.0,2.0,1.0,1.0,1.0,0
1.0,1.0,1.0,1.0,1.0,1.0,2.0,1.0,2.0,1.0,2.0,2.0,1,1,1,1,1.0,2.0,1.0,1.0,1.0,0
1.0,1.0,2.0,1.0,1.0,1.0,2.0,1.0,2.0,1.0,2.0,2.0,1,1,1,1,1.0,2.0,1.0,1.0,2.0,0
1.0,1.0,1.0,1.0,1.0,1.0,2.0,1.0,2.0,1.0,2.0,1.0,1,1,1,1,1.0,1.0,1.0,1.0,1.0,0
1.0,1.0,1.0,1.0,1.0,1.0,2.0,1.0,1.0,1.0,2.0,1.0,1,1,1,1,1.0,1.0,1.0,1.0,1.0,0
1.0,1.0,1.0,1.0,1.0,1.0,2.0,1.0,2.0,1.0,2.0,2.0,1,1,1,1,1.0,1.0,1.0,1.0,1.0,0
1.0,1.0,1.0,1.0,1.0,1.0,2.0,1.0,2.0,1.0,2.0,2.0,1,1,1,1,1.0,1.0,1.0,1.0,1.0,0
1.0,1.0,1.0,1.0,1.0,1.0,2.0,1.0,2.0,1.0,2.0,2.0,1,1,1,1,1.0,1.0,1.0,1.0,1.0,0
1.0,1.0,2.0,1.0,2.0,1.0,2.0,1.0,2.0,2.0,2.0,2.0,1,1,1,1,1.0,2.0,1.0,2.0,1.0,0
1.0,1.0,1.0,1.0,1.0,1.0,2.0,1.0,2.0,1.0,2.0,1.0,1,1,1,1,1.0,1.0,1.0,1.0,1.0,0
1.0,1.0,1.0,1.0,1.0,1.0,2.0,1.0,2.0,1.0,2.0,2.0,1,1,1,1,1.0,1.0,1.0,1.0,1.0,0
1.0,1.0,1.0,1.0,1.0,1.0,2.0,1.0,2.0,1.0,2.0,1.0,1,1,1,1,1.0,1.0,1.0,1.0,1.0,0
1.0,1.0,1.0,1.0,1.0,1.0,2.0,1.0,2.0,1.0,2.0,1.0,1,1,1,1,1.0,1.0,1.0,1.0,1.0,0
1.0,1.0,1.0,1.0,1.0,1.0,2.0,1.0,2.0,1.0,2.0,2.0,1,1,1,1,1.0,2.0,1.0,1.0,1.0,0
1.0,1.0,1.0,1.0,1.0,1.0,2.0,1.0,2.0,1.0,2.0,2.0,1,1,1,2,1.0,1.0,1.0,1.0,2.0,0
1.0,1.0,1.0,1.0,1.0,1.0,2.0,1.0,2.0,1.0,2.0,1.0,1,1,1,1,1.0,1.0,1.0,1.0,1.0,0
1.0,1.0,1.0,1.0,1.0,1.0,2.0,1.0,2.0,1.0,2.0,2.0,1,1,1,1,1.0,1.0,1.0,1.0,1.0,0
1.0,1.0,1.0,1.0,1.0,1.0,2.0,1.0,2.0,1.0,2.0,1.0,1,1,1,1,1.0,1.0,1.0,1.0,1.0,0
1.0,1.0,1.0,1.0,1.0,1.0,2.0,1.0,1.0,1.0,2.0,1.0,1,1,1,1,1.0,1.0,1.0,1.0,1.0,0
1.0,1.0,1.0,1.0,1.0,1.0,2.0,1.0,1.0,1.0,2.0,1.0,1,1,1,1,1.0,1.0,1.0,1.0,1.0,0
1.0,1.0,2.0,1.0,1.0,1.0,2.0,1.0,1.0,1.0,2.0,1.0,1,1,1,1,1.0,1.0,1.0,1.0,1.0,0
1.0,1.0,1.0,1.0,1.0,1.0,2.0,1.0,1.0,1.0,2.0,1.0,1,1,1,1,1.0,1.0,1.0,1.0,1.0,0
2.0,1.0,2.0,1.0,2.0,1.0,2.0,1.0,2.0,2.0,2.0,2.0,2,1,1,1,2.0,2.0,2.0,2.0,2.0,0
1.0,1.0,1.0,1.0,1.0,1.0,2.0,1.0,2.0,1.0,2.0,2.0,1,1,1,1,1.0,1.0,1.0,1.0,1.0,0
1.0,1.0,1.0,1.0,1.0,1.0,2.0,1.0,2.0,1.0,2.0,1.0,1,1,1,1,1.0,1.0,1.0,1.0,1.0,0
1.0,1.0,1.0,1.0,1.0,1.0,2.0,1.0,1.0,1.0,2.0,1.0,1,1,1,1,1.0,1.0,1.0,1.0,1.0,0
1.0,1.0,1.0,1.0,1.0,1.0,2.0,1.0,2.0,1.0,2.0,1.0,1,1,1,1,1.0,1.0,1.0,1.0,1.0,0
1.0,1.0,1.0,1.0,1.0,1.0,2.0,1.0,1.0,1.0,2.0,2.0,1,1,1,1,1.0,1.0,1.0,1.0,1.0,0
2.0,1.0,1.0,1.0,2.0,1.0,2.0,2.0,2.0,2.0,2.0,2.0,1,1,1,2,1.0,2.0,1.0,2.0,2.0,0
1.0,1.0,1.0,1.0,1.0,1.0,2.0,1.0,2.0,1.0,2.0,2.0,1,1,1,1,1.0,1.0,1.0,1.0,1.0,0
1.0,1.0,1.0,1.0,1.0,1.0,2.0,1.0,2.0,1.0,2.0,1.0,1,1,1,1,1.0,1.0,1.0,1.0,1.0,0
2.0,1.0,1.0,1.0,2.0,1.0,2.0,2.0,2.0,2.0,2.0,2.0,2,1,1,2,1.0,2.0,2.0,2.0,2.0,0
1.0,1.0,1.0,1.0,1.0,1.0,2.0,1.0,1.0,1.0,2.0,1.0,1,1,1,1,1.0,1.0,1.0,1.0,1.0,0
1.0,1.0,1.0,1.0,1.0,1.0,2.0,1.0,2.0,1.0,2.0,1.0,1,1,1,1,1.0,1.0,1.0,1.0,1.0,0
1.0,1.0,1.0,1.0,2.0,1.0,2.0,1.0,2.0,2.0,2.0,2.0,1,1,1,1,1.0,2.0,1.0,2.0,1.0,0
1.0,1.0,1.0,1.0,1.0,1.0,2.0,1.0,1.0,1.0,2.0,1.0,1,1,1,1,1.0,1.0,1.0,1.0,1.0,0
1.0,1.0,2.0,1.0,2.0,1.0,2.0,2.0,2.0,2.0,2.0,2.0,1,1,1,1,1.0,2.0,2.0,2.0,2.0,0
1.0,1.0,1.0,1.0,1.0,1.0,2.0,1.0,1.0,1.0,2.0,1.0,1,1,1,1,1.0,1.0,1.0,1.0,1.0,0
1.0,1.0,1.0,1.0,1.0,1.0,2.0,1.0,2.0,1.0,2.0,1.0,1,1,1,1,1.0,1.0,1.0,1.0,1.0,0
1.0,1.0,1.0,1.0,1.0,1.0,2.0,1.0,1.0,1.0,2.0,1.0,1,1,1,1,1.0,1.0,1.0,1.0,1.0,0
1.0,1.0,1.0,1.0,1.0,1.0,2.0,1.0,1.0,1.0,2.0,1.0,1,1,1,1,1.0,1.0,1.0,1.0,1.0,0
1.0,1.0,1.0,1.0,1.0,1.0,2.0,1.0,2.0,1.0,2.0,2.0,1,1,1,1,1.0,1.0,1.0,1.0,1.0,0
2.0,1.0,2.0,1.0,2.0,1.0,2.0,1.0,2.0,2.0,2.0,2.0,1,2,1,2,2.0,2.0,1.0,2.0,2.0,0
1.0,1.0,2.0,1.0,2.0,1.0,2.0,1.0,2.0,2.0,2.0,2.0,1,1,1,2,1.0,2.0,1.0,2.0,2.0,0
1.0,1.0,1.0,1.0,1.0,1.0,2.0,1.0,2.0,1.0,2.0,2.0,1,1,1,1,1.0,1.0,1.0,1.0,1.0,0
1.0,1.0,1.0,1.0,1.0,1.0,2.0,1.0,1.0,1.0,2.0,1.0,1,1,1,1,1.0,1.0,1.0,1.0,1.0,0
1.0,1.0,1.0,1.0,1.0,1.0,2.0,1.0,2.0,1.0,2.0,2.0,1,1,1,1,1.0,1.0,1.0,1.0,1.0,0
1.0,1.0,1.0,1.0,1.0,1.0,2.0,1.0,2.0,1.0,2.0,1.0,1,1,1,1,1.0,1.0,1.0,1.0,1.0,0
1.0,1.0,1.0,1.0,1.0,1.0,2.0,1.0,1.0,1.0,2.0,1.0,1,1,1,1,1.0,1.0,1.0,1.0,1.0,0
1.0,1.0,1.0,1.0,1.0,1.0,2.0,1.0,1.0,2.0,2.0,2.0,1,1,1,1,1.0,1.0,1.0,1.0,1.0,0
1.0,1.0,1.0,1.0,1.0,1.0,2.0,1.0,2.0,1.0,2.0,1.0,1,1,1,1,1.0,1.0,1.0,1.0,1.0,0
1.0,1.0,1.0,1.0,1.0,1.0,2.0,1.0,1.0,1.0,2.0,1.0,1,1,1,1,1.0,1.0,1.0,1.0,1.0,0
1.0,1.0,1.0,1.0,1.0,1.0,2.0,1.0,1.0,1.0,2.0,1.0,1,1,1,1,1.0,1.0,1.0,1.0,1.0,0
1.0,1.0,1.0,1.0,1.0,1.0,2.0,1.0,2.0,1.0,2.0,1.0,1,1,1,1,1.0,1.0,1.0,1.0,1.0,0
2.0,1.0,2.0,1.0,2.0,1.0,2.0,1.0,2.0,2.0,2.0,2.0,1,2,1,2,2.0,2.0,1.0,2.0,2.0,0
1.0,1.0,1.0,1.0,1.0,1.0,2.0,1.0,2.0,1.0,2.0,2.0,1,1,1,1,1.0,2.0,1.0,1.0,1.0,0
1.0,1.0,1.0,1.0,1.0,1.0,2.0,1.0,2.0,1.0,2.0,1.0,1,1,1,1,1.0,1.0,1.0,1.0,1.0,0
1.0,1.0,1.0,1.0,1.0,1.0,2.0,1.0,1.0,1.0,2.0,1.0,1,1,1,1,1.0,1.0,1.0,1.0,1.0,0
1.0,1.0,2.0,1.0,1.0,1.0,2.0,1.0,2.0,1.0,2.0,2.0,1,1,1,1,1.0,2.0,1.0,1.0,1.0,0
1.0,1.0,1.0,1.0,1.0,1.0,2.0,1.0,1.0,1.0,2.0,1.0,1,1,1,1,1.0,1.0,1.0,1.0,1.0,0
1.0,1.0,1.0,1.0,1.0,1.0,2.0,1.0,2.0,1.0,2.0,2.0,1,1,1,1,1.0,1.0,1.0,1.0,1.0,0
1.0,1.0,1.0,1.0,1.0,1.0,2.0,1.0,1.0,1.0,2.0,1.0,1,1,1,1,1.0,1.0,1.0,1.0,1.0,0
1.0,1.0,1.0,1.0,1.0,1.0,2.0,1.0,2.0,1.0,2.0,2.0,1,1,1,1,1.0,1.0,1.0,1.0,1.0,0
1.0,1.0,2.0,1.0,1.0,1.0,2.0,1.0,1.0,1.0,2.0,2.0,1,1,1,2,1.0,1.0,1.0,1.0,1.0,0
1.0,1.0,1.0,1.0,1.0,1.0,2.0,1.0,1.0,1.0,2.0,1.0,1,1,1,1,1.0,1.0,1.0,1.0,1.0,0
1.0,1.0,1.0,1.0,2.0,1.0,2.0,1.0,2.0,1.0,2.0,2.0,1,1,1,1,1.0,2.0,1.0,2.0,1.0,0
1.0,1.0,1.0,1.0,1.0,1.0,2.0,1.0,1.0,1.0,2.0,1.0,1,1,1,1,1.0,1.0,1.0,1.0,1.0,0
1.0,1.0,1.0,1.0,1.0,1.0,2.0,1.0,2.0,1.0,2.0,1.0,1,1,1,1,1.0,1.0,1.0,1.0,1.0,0
1.0,1.0,1.0,1.0,1.0,1.0,2.0,1.0,2.0,1.0,2.0,2.0,1,1,1,1,1.0,2.0,1.0,1.0,1.0,0
1.0,1.0,1.0,1.0,1.0,1.0,2.0,1.0,2.0,1.0,2.0,2.0,1,1,1,1,1.0,1.0,1.0,1.0,1.0,0
2.0,1.0,2.0,1.0,2.0,1.0,2.0,1.0,2.0,2.0,2.0,2.0,1,2,1,2,1.0,2.0,2.0,2.0,2.0,0
1.0,1.0,1.0,1.0,1.0,1.0,2.0,1.0,1.0,1.0,2.0,2.0,1,1,1,1,1.0,1.0,1.0,1.0,1.0,0
1.0,1.0,1.0,1.0,1.0,1.0,2.0,1.0,1.0,1.0,2.0,2.0,1,1,1,1,1.0,1.0,1.0,1.0,1.0,0
1.0,1.0,1.0,1.0,1.0,1.0,2.0,1.0,2.0,1.0,2.0,1.0,1,1,1,1,1.0,1.0,1.0,1.0,1.0,0
1.0,1.0,2.0,1.0,1.0,1.0,2.0,1.0,2.0,1.0,2.0,2.0,1,1,1,1,1.0,1.0,1.0,1.0,1.0,0
1.0,1.0,1.0,1.0,1.0,1.0,2.0,1.0,1.0,1.0,2.0,1.0,1,1,1,1,1.0,1.0,1.0,1.0,1.0,0
1.0,1.0,1.0,1.0,1.0,1.0,2.0,1.0,1.0,1.0,2.0,1.0,1,1,1,1,1.0,1.0,1.0,1.0,1.0,0
1.0,1.0,1.0,1.0,1.0,1.0,2.0,1.0,2.0,1.0,2.0,1.0,1,1,1,1,1.0,1.0,1.0,1.0,1.0,0
1.0,1.0,1.0,1.0,1.0,1.0,2.0,1.0,1.0,1.0,2.0,1.0,1,1,1,1,1.0,1.0,1.0,1.0,1.0,0
1.0,1.0,1.0,1.0,1.0,1.0,2.0,1.0,2.0,1.0,2.0,1.0,1,1,1,1,1.0,1.0,1.0,1.0,1.0,0
1.0,1.0,2.0,1.0,1.0,1.0,2.0,1.0,1.0,1.0,2.0,1.0,1,1,1,1,1.0,1.0,1.0,1.0,1.0,0
1.0,1.0,1.0,1.0,1.0,1.0,2.0,1.0,1.0,1.0,2.0,1.0,1,1,1,1,1.0,1.0,1.0,1.0,1.0,0
2.0,2.0,2.0,1.0,2.0,1.0,2.0,2.0,2.0,2.0,2.0,2.0,2,1,1,2,2.0,2.0,2.0,2.0,2.0,0
1.0,1.0,2.0,1.0,1.0,1.0,2.0,1.0,2.0,1.0,2.0,2.0,1,1,1,1,1.0,2.0,1.0,1.0,1.0,0
1.0,1.0,1.0,1.0,1.0,1.0,2.0,1.0,1.0,1.0,2.0,1.0,1,1,1,1,1.0,1.0,1.0,1.0,1.0,0
1.0,1.0,2.0,1.0,1.0,1.0,2.0,1.0,2.0,1.0,2.0,2.0,1,1,1,1,1.0,1.0,1.0,1.0,1.0,0
1.0,1.0,1.0,1.0,1.0,1.0,2.0,1.0,1.0,1.0,2.0,1.0,1,1,1,1,1.0,1.0,1.0,1.0,1.0,0
2.0,1.0,2.0,1.0,2.0,1.0,2.0,1.0,2.0,2.0,2.0,2.0,1,2,1,2,2.0,2.0,1.0,2.0,2.0,0
1.0,1.0,1.0,1.0,2.0,1.0,2.0,1.0,2.0,2.0,2.0,2.0,1,1,1,1,1.0,2.0,1.0,2.0,1.0,0
1.0,1.0,2.0,1.0,1.0,1.0,2.0,1.0,2.0,1.0,2.0,2.0,1,1,1,1,1.0,1.0,1.0,1.0,1.0,0
1.0,1.0,1.0,1.0,2.0,1.0,2.0,1.0,2.0,2.0,2.0,2.0,1,1,1,1,2.0,2.0,1.0,2.0,2.0,0
1.0,1.0,2.0,1.0,1.0,1.0,2.0,1.0,2.0,1.0,2.0,2.0,1,1,1,1,1.0,1.0,1.0,1.0,1.0,0
1.0,1.0,1.0,1.0,1.0,1.0,2.0,1.0,1.0,1.0,2.0,1.0,1,1,1,1,1.0,1.0,1.0,1.0,1.0,0
1.0,1.0,1.0,1.0,1.0,1.0,2.0,1.0,2.0,1.0,2.0,2.0,1,1,1,1,1.0,1.0,1.0,1.0,1.0,0
2.0,1.0,2.0,1.0,2.0,1.0,2.0,1.0,2.0,2.0,2.0,2.0,1,2,1,2,2.0,2.0,1.0,2.0,2.0,0
1.0,1.0,1.0,1.0,1.0,1.0,2.0,1.0,1.0,1.0,2.0,1.0,1,1,1,1,1.0,1.0,1.0,1.0,1.0,0
1.0,1.0,1.0,1.0,1.0,1.0,2.0,1.0,1.0,1.0,2.0,1.0,1,1,1,1,1.0,1.0,1.0,1.0,1.0,0
2.0,1.0,2.0,1.0,2.0,1.0,2.0,1.0,2.0,2.0,2.0,2.0,1,1,1,1,1.0,2.0,2.0,2.0,2.0,0
1.0,1.0,1.0,1.0,1.0,1.0,2.0,1.0,2.0,1.0,2.0,1.0,1,1,1,1,1.0,1.0,1.0,1.0,1.0,0
1.0,1.0,1.0,1.0,1.0,1.0,2.0,1.0,1.0,1.0,2.0,1.0,1,1,1,1,1.0,1.0,1.0,1.0,1.0,0
1.0,1.0,1.0,1.0,1.0,1.0,2.0,1.0,2.0,1.0,2.0,2.0,1,1,1,1,1.0,1.0,1.0,1.0,1.0,0
1.0,1.0,1.0,1.0,1.0,1.0,2.0,1.0,1.0,1.0,2.0,1.0,1,1,1,1,1.0,1.0,1.0,1.0,1.0,0
1.0,1.0,1.0,1.0,1.0,1.0,2.0,1.0,1.0,1.0,2.0,1.0,1,1,1,1,1.0,1.0,1.0,1.0,1.0,0
1.0,1.0,1.0,1.0,1.0,1.0,2.0,1.0,2.0,1.0,2.0,2.0,1,1,1,1,1.0,1.0,1.0,1.0,1.0,0
1.0,1.0,1.0,1.0,1.0,1.0,2.0,1.0,1.0,1.0,2.0,1.0,1,1,1,1,1.0,1.0,1.0,1.0,1.0,0
1.0,1.0,1.0,1.0,1.0,1.0,2.0,1.0,1.0,1.0,2.0,1.0,1,1,1,1,1.0,1.0,1.0,1.0,1.0,0
2.0,1.0,2.0,1.0,2.0,1.0,2.0,1.0,2.0,2.0,2.0,2.0,1,1,1,1,1.0,2.0,1.0,2.0,2.0,0
1.0,1.0,1.0,1.0,1.0,1.0,2.0,1.0,2.0,1.0,2.0,1.0,1,1,1,2,1.0,1.0,1.0,1.0,1.0,0
1.0,1.0,1.0,1.0,1.0,1.0,2.0,1.0,1.0,1.0,2.0,1.0,1,1,1,1,1.0,1.0,1.0,1.0,1.0,0
1.0,1.0,1.0,1.0,1.0,1.0,2.0,1.0,1.0,1.0,2.0,1.0,1,1,1,1,1.0,1.0,1.0,1.0,1.0,0
1.0,1.0,1.0,1.0,1.0,1.0,2.0,1.0,1.0,1.0,2.0,1.0,1,1,1,1,1.0,1.0,1.0,1.0,1.0,0
1.0,1.0,1.0,1.0,1.0,1.0,2.0,1.0,2.0,1.0,2.0,2.0,1,1,1,1,1.0,1.0,1.0,1.0,1.0,0
1.0,1.0,1.0,1.0,1.0,1.0,2.0,1.0,1.0,1.0,2.0,1.0,1,1,1,1,1.0,1.0,1.0,1.0,1.0,0
1.0,1.0,2.0,1.0,2.0,1.0,2.0,1.0,2.0,2.0,2.0,2.0,1,1,1,1,1.0,2.0,1.0,2.0,2.0,0
1.0,1.0,1.0,1.0,1.0,1.0,2.0,1.0,1.0,1.0,2.0,1.0,1,1,1,1,1.0,1.0,1.0,1.0,1.0,0
1.0,1.0,1.0,1.0,1.0,1.0,2.0,1.0,2.0,1.0,2.0,1.0,1,1,1,1,1.0,1.0,1.0,1.0,1.0,0
1.0,1.0,1.0,1.0,2.0,1.0,2.0,1.0,2.0,1.0,2.0,2.0,1,2,1,1,1.0,2.0,1.0,1.0,2.0,0
1.0,1.0,1.0,1.0,1.0,1.0,2.0,1.0,2.0,1.0,2.0,1.0,1,1,1,1,1.0,1.0,1.0,1.0,1.0,0
1.0,1.0,1.0,1.0,1.0,1.0,2.0,1.0,2.0,1.0,2.0,2.0,1,1,1,1,1.0,2.0,1.0,1.0,1.0,0
1.0,1.0,1.0,1.0,1.0,1.0,2.0,1.0,1.0,1.0,2.0,1.0,1,1,1,1,1.0,1.0,1.0,1.0,1.0,0
1.0,1.0,1.0,1.0,1.0,1.0,2.0,1.0,1.0,1.0,2.0,2.0,1,1,1,1,1.0,1.0,1.0,1.0,1.0,0
1.0,1.0,1.0,1.0,1.0,1.0,2.0,1.0,2.0,1.0,2.0,1.0,1,1,1,1,1.0,1.0,1.0,1.0,1.0,0
1.0,1.0,2.0,1.0,1.0,1.0,2.0,1.0,1.0,1.0,2.0,2.0,1,1,1,1,1.0,1.0,1.0,1.0,2.0,0
1.0,1.0,1.0,1.0,1.0,1.0,2.0,1.0,1.0,1.0,2.0,1.0,1,1,1,1,1.0,1.0,1.0,1.0,1.0,0
1.0,1.0,1.0,1.0,1.0,1.0,2.0,1.0,1.0,1.0,2.0,1.0,1,1,1,1,1.0,1.0,1.0,1.0,1.0,0
1.0,1.0,1.0,1.0,1.0,1.0,2.0,1.0,1.0,1.0,2.0,1.0,1,1,1,1,1.0,1.0,1.0,1.0,1.0,0
1.0,1.0,1.0,1.0,1.0,1.0,2.0,1.0,1.0,1.0,2.0,1.0,1,1,1,1,1.0,1.0,1.0,1.0,1.0,0
2.0,1.0,1.0,1.0,2.0,1.0,2.0,2.0,2.0,2.0,2.0,2.0,1,2,1,2,1.0,2.0,2.0,2.0,2.0,0
1.0,1.0,1.0,1.0,1.0,1.0,2.0,1.0,1.0,1.0,2.0,1.0,1,1,1,1,1.0,1.0,1.0,1.0,1.0,0
2.0,1.0,2.0,1.0,2.0,1.0,2.0,1.0,2.0,2.0,2.0,2.0,2,1,1,1,1.0,2.0,2.0,2.0,2.0,0
1.0,1.0,1.0,1.0,1.0,1.0,2.0,1.0,1.0,1.0,2.0,1.0,1,1,1,1,1.0,1.0,1.0,1.0,1.0,0
1.0,1.0,1.0,1.0,1.0,1.0,2.0,1.0,2.0,1.0,2.0,1.0,1,1,1,1,1.0,1.0,1.0,1.0,1.0,0
1.0,1.0,1.0,1.0,1.0,1.0,2.0,1.0,1.0,1.0,2.0,2.0,1,1,1,1,1.0,1.0,1.0,1.0,1.0,0
1.0,1.0,1.0,1.0,1.0,1.0,2.0,1.0,2.0,1.0,2.0,2.0,1,1,1,1,1.0,2.0,1.0,1.0,1.0,0
1.0,1.0,2.0,1.0,1.0,1.0,2.0,1.0,1.0,1.0,2.0,2.0,1,1,1,1,1.0,1.0,1.0,1.0,1.0,0
1.0,1.0,1.0,1.0,1.0,1.0,2.0,1.0,1.0,1.0,2.0,1.0,1,1,1,1,1.0,1.0,1.0,1.0,1.0,0
1.0,1.0,1.0,1.0,1.0,1.0,2.0,1.0,2.0,1.0,2.0,2.0,1,1,1,1,1.0,1.0,1.0,1.0,1.0,0
1.0,1.0,1.0,1.0,1.0,1.0,2.0,1.0,2.0,1.0,2.0,1.0,1,1,1,1,1.0,1.0,1.0,1.0,1.0,0
1.0,1.0,1.0,1.0,1.0,1.0,2.0,1.0,2.0,1.0,2.0,2.0,1,1,1,1,1.0,2.0,1.0,1.0,1.0,0
1.0,1.0,2.0,1.0,2.0,1.0,2.0,1.0,2.0,2.0,2.0,2.0,1,1,1,2,1.0,2.0,1.0,2.0,2.0,0
1.0,1.0,1.0,1.0,1.0,1.0,2.0,1.0,1.0,1.0,2.0,1.0,1,1,1,1,1.0,1.0,1.0,1.0,1.0,0
1.0,1.0,1.0,1.0,1.0,1.0,2.0,1.0,1.0,1.0,2.0,1.0,1,1,1,1,1.0,1.0,1.0,1.0,1.0,0
1.0,1.0,1.0,1.0,1.0,1.0,2.0,1.0,1.0,1.0,2.0,1.0,1,1,1,1,1.0,1.0,1.0,1.0,1.0,0
1.0,1.0,1.0,1.0,1.0,1.0,2.0,1.0,1.0,1.0,2.0,1.0,1,1,1,1,1.0,1.0,1.0,1.0,1.0,0
1.0,1.0,1.0,1.0,1.0,1.0,2.0,1.0,2.0,1.0,2.0,1.0,1,1,1,1,1.0,1.0,1.0,1.0,1.0,0
1.0,1.0,1.0,1.0,1.0,1.0,2.0,1.0,2.0,1.0,2.0,1.0,1,1,1,1,1.0,1.0,1.0,1.0,1.0,0
1.0,1.0,1.0,1.0,1.0,1.0,2.0,1.0,1.0,1.0,2.0,1.0,1,1,1,1,1.0,1.0,1.0,1.0,1.0,0
1.0,1.0,1.0,1.0,1.0,1.0,2.0,1.0,2.0,1.0,2.0,2.0,1,1,1,2,1.0,2.0,1.0,1.0,1.0,0
1.0,1.0,1.0,1.0,1.0,1.0,2.0,1.0,1.0,1.0,2.0,1.0,1,1,1,1,1.0,1.0,1.0,1.0,1.0,0
1.0,1.0,1.0,1.0,1.0,1.0,2.0,1.0,1.0,1.0,2.0,1.0,1,1,1,1,1.0,1.0,1.0,1.0,1.0,0
1.0,1.0,1.0,1.0,1.0,1.0,2.0,1.0,2.0,1.0,2.0,1.0,1,1,1,1,1.0,1.0,1.0,1.0,1.0,0
1.0,1.0,2.0,1.0,1.0,1.0,2.0,1.0,1.0,1.0,2.0,2.0,1,1,1,1,1.0,1.0,1.0,1.0,1.0,0
2.0,1.0,2.0,1.0,2.0,1.0,2.0,2.0,2.0,2.0,2.0,2.0,1,1,1,1,1.0,2.0,2.0,2.0,2.0,0
1.0,1.0,1.0,1.0,1.0,1.0,2.0,1.0,2.0,1.0,2.0,1.0,1,1,1,1,1.0,1.0,1.0,1.0,1.0,0
1.0,1.0,1.0,1.0,1.0,1.0,2.0,1.0,1.0,1.0,2.0,1.0,1,1,1,1,1.0,1.0,1.0,1.0,1.0,0
1.0,1.0,1.0,1.0,1.0,1.0,2.0,1.0,2.0,2.0,2.0,2.0,1,1,1,2,1.0,2.0,1.0,1.0,1.0,0
1.0,1.0,1.0,1.0,1.0,1.0,2.0,1.0,1.0,1.0,2.0,1.0,1,1,1,1,1.0,1.0,1.0,1.0,1.0,0
1.0,1.0,1.0,1.0,1.0,1.0,2.0,1.0,1.0,1.0,2.0,1.0,1,1,1,1,1.0,1.0,1.0,1.0,1.0,0
1.0,1.0,1.0,1.0,1.0,1.0,2.0,1.0,1.0,1.0,2.0,1.0,1,1,1,1,1.0,1.0,1.0,1.0,1.0,0
1.0,1.0,2.0,1.0,1.0,1.0,2.0,1.0,1.0,1.0,2.0,1.0,1,1,1,1,1.0,1.0,1.0,1.0,1.0,0
2.0,1.0,2.0,1.0,2.0,1.0,2.0,1.0,2.0,2.0,2.0,2.0,1,1,1,1,1.0,2.0,2.0,2.0,2.0,0
1.0,1.0,1.0,1.0,1.0,1.0,2.0,1.0,2.0,1.0,2.0,1.0,1,1,1,1,1.0,1.0,1.0,1.0,1.0,0
1.0,1.0,1.0,1.0,1.0,1.0,2.0,1.0,1.0,1.0,2.0,1.0,1,1,1,1,1.0,1.0,1.0,1.0,1.0,0
1.0,1.0,1.0,1.0,1.0,1.0,2.0,1.0,1.0,1.0,2.0,1.0,1,1,1,1,1.0,1.0,1.0,1.0,1.0,0
1.0,1.0,2.0,1.0,1.0,1.0,2.0,1.0,1.0,1.0,2.0,2.0,1,1,1,1,1.0,1.0,1.0,1.0,1.0,0
1.0,1.0,1.0,1.0,1.0,1.0,2.0,1.0,1.0,1.0,2.0,1.0,1,1,1,1,1.0,1.0,1.0,1.0,1.0,0
2.0,1.0,2.0,1.0,2.0,1.0,2.0,1.0,2.0,2.0,2.0,2.0,2,1,1,1,1.0,2.0,2.0,2.0,2.0,0
2.0,1.0,2.0,1.0,2.0,1.0,2.0,1.0,2.0,2.0,2.0,2.0,1,1,1,2,1.0,2.0,2.0,2.0,2.0,0
1.0,1.0,1.0,1.0,1.0,1.0,2.0,1.0,2.0,1.0,2.0,1.0,1,1,1,1,1.0,1.0,1.0,1.0,1.0,0
1.0,1.0,1.0,1.0,1.0,1.0,2.0,1.0,2.0,1.0,2.0,1.0,1,1,1,1,1.0,1.0,1.0,1.0,1.0,0
1.0,1.0,1.0,1.0,1.0,1.0,2.0,1.0,1.0,1.0,2.0,1.0,1,1,1,1,1.0,1.0,1.0,1.0,1.0,0
1.0,1.0,1.0,1.0,1.0,1.0,2.0,1.0,1.0,1.0,2.0,1.0,1,1,1,1,1.0,1.0,1.0,1.0,1.0,0
1.0,1.0,2.0,1.0,2.0,1.0,2.0,1.0,2.0,2.0,2.0,2.0,1,1,1,1,1.0,2.0,1.0,2.0,1.0,0
1.0,1.0,1.0,1.0,1.0,1.0,2.0,1.0,1.0,2.0,2.0,2.0,1,1,1,1,1.0,1.0,1.0,1.0,1.0,0
1.0,1.0,1.0,1.0,1.0,1.0,2.0,1.0,1.0,1.0,2.0,1.0,1,1,1,1,1.0,1.0,1.0,1.0,1.0,0
1.0,1.0,2.0,1.0,1.0,1.0,2.0,1.0,2.0,1.0,2.0,1.0,1,1,1,1,1.0,1.0,1.0,1.0,1.0,0
1.0,1.0,1.0,1.0,1.0,1.0,2.0,1.0,2.0,1.0,2.0,1.0,1,1,1,1,1.0,1.0,1.0,1.0,1.0,0
1.0,1.0,1.0,1.0,1.0,1.0,2.0,1.0,1.0,1.0,2.0,1.0,1,1,1,1,1.0,1.0,1.0,1.0,1.0,0
1.0,1.0,1.0,1.0,1.0,1.0,2.0,1.0,1.0,1.0,2.0,2.0,1,1,1,1,1.0,1.0,1.0,1.0,1.0,0
1.0,1.0,1.0,1.0,1.0,1.0,2.0,1.0,1.0,1.0,2.0,1.0,1,1,1,1,1.0,1.0,1.0,1.0,1.0,0
1.0,1.0,1.0,1.0,2.0,1.0,2.0,1.0,2.0,1.0,2.0,2.0,1,1,1,1,1.0,2.0,1.0,1.0,1.0,0
1.0,1.0,1.0,1.0,2.0,1.0,2.0,1.0,2.0,1.0,2.0,2.0,1,1,1,1,1.0,1.0,1.0,1.0,1.0,0
1.0,1.0,1.0,1.0,1.0,1.0,2.0,1.0,1.0,1.0,2.0,1.0,1,1,1,1,1.0,1.0,1.0,1.0,1.0,0
1.0,1.0,1.0,1.0,2.0,1.0,2.0,1.0,2.0,2.0,2.0,2.0,1,1,1,2,1.0,2.0,1.0,2.0,1.0,0
1.0,1.0,1.0,1.0,1.0,1.0,2.0,1.0,1.0,1.0,2.0,1.0,1,1,1,1,1.0,1.0,1.0,1.0,1.0,0
1.0,1.0,1.0,1.0,1.0,1.0,2.0,1.0,1.0,1.0,2.0,1.0,1,1,1,1,1.0,1.0,1.0,1.0,1.0,0
2.0,1.0,2.0,1.0,2.0,1.0,2.0,2.0,2.0,2.0,2.0,2.0,1,1,1,2,1.0,2.0,2.0,2.0,2.0,0
1.0,1.0,1.0,1.0,1.0,1.0,2.0,1.0,2.0,1.0,2.0,2.0,1,1,1,1,1.0,1.0,1.0,1.0,1.0,0
2.0,1.0,2.0,1.0,2.0,1.0,2.0,1.0,2.0,2.0,2.0,2.0,1,1,1,2,1.0,2.0,2.0,2.0,2.0,0
1.0,1.0,1.0,1.0,1.0,1.0,2.0,1.0,2.0,1.0,2.0,2.0,1,1,1,1,1.0,2.0,1.0,2.0,1.0,0
1.0,1.0,1.0,1.0,1.0,1.0,2.0,1.0,1.0,1.0,2.0,1.0,1,1,1,1,1.0,1.0,1.0,1.0,1.0,0
1.0,1.0,1.0,1.0,1.0,1.0,2.0,1.0,1.0,1.0,2.0,1.0,1,1,1,1,1.0,1.0,1.0,1.0,1.0,0
2.0,1.0,2.0,1.0,2.0,1.0,2.0,1.0,2.0,2.0,2.0,2.0,1,2,1,2,1.0,2.0,2.0,2.0,2.0,0
1.0,1.0,1.0,1.0,1.0,1.0,2.0,1.0,1.0,1.0,2.0,1.0,1,1,1,1,1.0,1.0,1.0,1.0,1.0,0
1.0,1.0,1.0,1.0,1.0,1.0,2.0,1.0,2.0,1.0,2.0,1.0,1,1,1,1,1.0,1.0,1.0,1.0,1.0,0
1.0,1.0,1.0,1.0,2.0,1.0,2.0,1.0,2.0,2.0,2.0,2.0,1,1,1,1,1.0,2.0,1.0,2.0,1.0,0
1.0,1.0,1.0,1.0,1.0,1.0,2.0,1.0,2.0,1.0,2.0,1.0,1,1,1,1,1.0,1.0,1.0,1.0,1.0,0
1.0,1.0,2.0,1.0,1.0,1.0,2.0,1.0,2.0,1.0,2.0,2.0,1,1,1,1,1.0,2.0,1.0,1.0,1.0,0
1.0,1.0,1.0,1.0,1.0,1.0,2.0,1.0,2.0,1.0,2.0,2.0,1,1,1,1,1.0,1.0,1.0,1.0,1.0,0
1.0,1.0,1.0,1.0,1.0,1.0,2.0,1.0,1.0,1.0,2.0,1.0,1,1,1,1,1.0,1.0,1.0,1.0,1.0,0
1.0,1.0,1.0,1.0,1.0,1.0,2.0,1.0,1.0,1.0,2.0,1.0,1,1,1,1,1.0,1.0,1.0,1.0,1.0,0
1.0,1.0,1.0,1.0,1.0,1.0,2.0,1.0,1.0,1.0,2.0,1.0,1,1,1,1,1.0,1.0,1.0,1.0,1.0,0
1.0,1.0,1.0,1.0,1.0,1.0,2.0,1.0,1.0,1.0,2.0,1.0,1,1,1,1,1.0,1.0,1.0,1.0,1.0,0
1.0,1.0,1.0,1.0,1.0,1.0,2.0,1.0,1.0,1.0,2.0,1.0,1,1,1,1,1.0,1.0,1.0,1.0,1.0,0
1.0,1.0,1.0,1.0,1.0,1.0,2.0,1.0,2.0,1.0,2.0,2.0,1,1,1,1,1.0,1.0,1.0,1.0,1.0,0
1.0,1.0,1.0,1.0,1.0,1.0,2.0,1.0,2.0,1.0,2.0,1.0,1,1,1,1,1.0,1.0,1.0,1.0,1.0,0
1.0,1.0,1.0,1.0,1.0,1.0,2.0,1.0,2.0,1.0,2.0,2.0,1,2,1,1,1.0,2.0,1.0,1.0,1.0,0
1.0,1.0,1.0,1.0,1.0,1.0,2.0,1.0,1.0,1.0,2.0,1.0,1,1,1,1,1.0,1.0,1.0,1.0,1.0,0
1.0,1.0,1.0,1.0,1.0,1.0,2.0,1.0,1.0,1.0,2.0,1.0,1,1,1,1,1.0,1.0,1.0,1.0,1.0,0
1.0,1.0,1.0,1.0,1.0,1.0,2.0,1.0,1.0,1.0,2.0,1.0,1,1,1,1,1.0,1.0,1.0,1.0,1.0,0
1.0,1.0,1.0,1.0,1.0,1.0,2.0,1.0,1.0,1.0,2.0,1.0,1,1,1,1,1.0,1.0,1.0,1.0,1.0,0
1.0,1.0,1.0,1.0,1.0,1.0,2.0,1.0,2.0,1.0,2.0,2.0,1,1,1,1,1.0,1.0,1.0,1.0,1.0,0
1.0,1.0,1.0,1.0,1.0,1.0,2.0,1.0,2.0,1.0,2.0,2.0,1,1,1,1,1.0,2.0,1.0,2.0,1.0,0
1.0,1.0,1.0,1.0,1.0,1.0,2.0,1.0,1.0,1.0,2.0,1.0,1,1,1,1,1.0,1.0,1.0,1.0,1.0,0
2.0,1.0,1.0,1.0,2.0,1.0,2.0,2.0,2.0,2.0,2.0,2.0,1,1,1,1,1.0,2.0,2.0,2.0,2.0,0
1.0,1.0,1.0,1.0,1.0,1.0,2.0,1.0,1.0,1.0,2.0,2.0,1,1,1,1,1.0,1.0,1.0,1.0,1.0,0
1.0,1.0,1.0,1.0,1.0,1.0,2.0,1.0,2.0,1.0,2.0,2.0,1,1,1,1,1.0,2.0,1.0,1.0,1.0,0
2.0,1.0,2.0,1.0,2.0,1.0,2.0,1.0,2.0,2.0,2.0,2.0,1,1,1,2,1.0,2.0,1.0,2.0,1.0,0
1.0,1.0,1.0,1.0,1.0,1.0,2.0,1.0,1.0,1.0,2.0,1.0,1,1,1,1,1.0,1.0,1.0,1.0,1.0,0
1.0,1.0,1.0,1.0,1.0,1.0,2.0,1.0,1.0,1.0,2.0,1.0,1,1,1,1,1.0,1.0,1.0,1.0,1.0,0
1.0,1.0,2.0,1.0,2.0,1.0,2.0,2.0,2.0,2.0,2.0,2.0,1,1,1,1,1.0,2.0,2.0,2.0,2.0,0
1.0,1.0,1.0,1.0,1.0,1.0,2.0,1.0,1.0,1.0,2.0,1.0,1,1,1,1,1.0,1.0,1.0,1.0,1.0,0
1.0,1.0,1.0,1.0,1.0,1.0,2.0,1.0,2.0,1.0,2.0,2.0,1,1,1,1,1.0,1.0,1.0,1.0,1.0,0
1.0,1.0,2.0,1.0,1.0,1.0,2.0,1.0,2.0,1.0,2.0,2.0,1,1,1,1,1.0,1.0,1.0,1.0,1.0,0
1.0,1.0,1.0,1.0,1.0,1.0,2.0,1.0,1.0,1.0,2.0,1.0,1,1,1,1,1.0,1.0,1.0,1.0,1.0,0
1.0,1.0,2.0,1.0,2.0,1.0,2.0,1.0,2.0,2.0,2.0,2.0,1,1,1,2,1.0,2.0,1.0,2.0,1.0,0
1.0,1.0,1.0,1.0,1.0,1.0,2.0,1.0,2.0,1.0,2.0,2.0,1,1,1,1,1.0,1.0,1.0,1.0,1.0,0
1.0,1.0,1.0,1.0,1.0,1.0,2.0,1.0,1.0,1.0,2.0,1.0,1,1,1,1,1.0,1.0,1.0,1.0,1.0,0
1.0,1.0,1.0,1.0,1.0,1.0,2.0,1.0,1.0,1.0,2.0,2.0,1,1,1,1,1.0,1.0,1.0,1.0,1.0,0
2.0,1.0,2.0,1.0,2.0,1.0,2.0,1.0,2.0,2.0,2.0,2.0,2,2,1,2,1.0,2.0,2.0,2.0,2.0,0
1.0,1.0,2.0,1.0,1.0,1.0,2.0,1.0,2.0,1.0,2.0,2.0,1,1,1,1,1.0,2.0,1.0,1.0,1.0,0
1.0,1.0,1.0,1.0,1.0,1.0,2.0,1.0,1.0,1.0,2.0,1.0,1,1,1,1,1.0,1.0,1.0,1.0,1.0,0
1.0,1.0,1.0,1.0,1.0,1.0,2.0,1.0,2.0,1.0,2.0,1.0,1,1,1,1,1.0,1.0,1.0,1.0,1.0,0
1.0,1.0,2.0,1.0,2.0,1.0,2.0,1.0,2.0,2.0,2.0,2.0,1,1,1,1,1.0,1.0,1.0,1.0,2.0,0
1.0,1.0,1.0,1.0,1.0,1.0,2.0,1.0,2.0,1.0,2.0,2.0,1,1,1,1,1.0,2.0,1.0,1.0,1.0,0
1.0,1.0,1.0,1.0,1.0,1.0,2.0,1.0,1.0,1.0,2.0,1.0,1,1,1,1,1.0,1.0,1.0,1.0,1.0,0
1.0,1.0,1.0,1.0,1.0,1.0,2.0,1.0,2.0,1.0,2.0,2.0,1,1,1,1,1.0,1.0,1.0,1.0,1.0,0
2.0,1.0,1.0,1.0,2.0,1.0,2.0,1.0,2.0,2.0,2.0,2.0,1,1,1,2,2.0,2.0,1.0,2.0,2.0,0
1.0,1.0,1.0,1.0,1.0,1.0,2.0,1.0,2.0,1.0,2.0,2.0,1,1,1,1,1.0,1.0,1.0,1.0,1.0,0
1.0,1.0,1.0,1.0,1.0,1.0,2.0,1.0,1.0,1.0,2.0,1.0,1,1,1,1,1.0,1.0,1.0,1.0,1.0,0
1.0,1.0,1.0,1.0,1.0,1.0,2.0,1.0,2.0,1.0,2.0,1.0,1,1,1,1,1.0,1.0,1.0,1.0,1.0,0
1.0,1.0,1.0,1.0,1.0,1.0,2.0,1.0,2.0,1.0,2.0,1.0,1,1,1,1,1.0,1.0,1.0,1.0,1.0,0
1.0,1.0,1.0,1.0,1.0,1.0,2.0,1.0,1.0,1.0,2.0,1.0,1,1,1,1,1.0,1.0,1.0,1.0,1.0,0
1.0,1.0,1.0,1.0,1.0,1.0,2.0,1.0,1.0,1.0,2.0,1.0,1,1,1,1,1.0,1.0,1.0,1.0,1.0,0
1.0,1.0,1.0,1.0,1.0,1.0,2.0,1.0,1.0,1.0,2.0,2.0,1,1,1,1,1.0,1.0,1.0,1.0,1.0,0
1.0,1.0,1.0,1.0,1.0,1.0,2.0,1.0,1.0,1.0,2.0,1.0,1,1,1,1,1.0,1.0,1.0,1.0,1.0,0
1.0,1.0,1.0,1.0,1.0,1.0,2.0,1.0,1.0,1.0,2.0,1.0,1,1,1,1,1.0,1.0,1.0,1.0,1.0,0
1.0,1.0,1.0,1.0,1.0,1.0,2.0,1.0,2.0,1.0,2.0,2.0,1,1,1,2,1.0,2.0,1.0,1.0,1.0,0
1.0,1.0,1.0,1.0,1.0,1.0,2.0,1.0,2.0,1.0,2.0,2.0,1,1,1,1,1.0,1.0,1.0,1.0,1.0,0
1.0,1.0,1.0,1.0,1.0,1.0,2.0,1.0,2.0,1.0,2.0,2.0,1,1,1,1,1.0,1.0,1.0,1.0,1.0,0
1.0,1.0,1.0,1.0,1.0,1.0,2.0,1.0,1.0,1.0,2.0,1.0,1,1,1,1,1.0,1.0,1.0,1.0,1.0,0
1.0,1.0,1.0,1.0,1.0,1.0,2.0,1.0,2.0,1.0,2.0,2.0,1,1,1,1,1.0,1.0,1.0,1.0,1.0,0
1.0,1.0,2.0,1.0,1.0,1.0,2.0,1.0,2.0,1.0,2.0,2.0,1,1,1,1,1.0,1.0,1.0,1.0,1.0,0
1.0,1.0,1.0,1.0,1.0,1.0,2.0,1.0,2.0,1.0,2.0,1.0,1,1,1,1,1.0,1.0,1.0,1.0,1.0,0
1.0,1.0,1.0,1.0,2.0,1.0,2.0,1.0,2.0,2.0,2.0,2.0,1,1,1,1,1.0,2.0,1.0,2.0,1.0,0
1.0,1.0,1.0,1.0,1.0,1.0,2.0,1.0,2.0,1.0,2.0,1.0,1,1,1,1,1.0,1.0,1.0,1.0,1.0,0
1.0,1.0,1.0,1.0,1.0,1.0,2.0,1.0,1.0,1.0,2.0,1.0,1,1,1,1,1.0,1.0,1.0,1.0,1.0,0
1.0,1.0,1.0,1.0,1.0,1.0,2.0,1.0,1.0,1.0,2.0,1.0,1,1,1,1,1.0,1.0,1.0,1.0,1.0,0
1.0,1.0,1.0,1.0,1.0,1.0,2.0,1.0,1.0,1.0,2.0,2.0,1,1,1,1,1.0,1.0,1.0,1.0,1.0,0
1.0,1.0,1.0,1.0,1.0,1.0,2.0,1.0,1.0,1.0,2.0,1.0,1,1,1,1,1.0,1.0,1.0,1.0,1.0,0
1.0,1.0,2.0,1.0,1.0,1.0,2.0,1.0,1.0,1.0,2.0,1.0,1,1,1,1,1.0,1.0,1.0,1.0,1.0,0
1.0,1.0,1.0,1.0,1.0,1.0,2.0,1.0,1.0,1.0,2.0,2.0,1,1,1,1,1.0,1.0,1.0,1.0,1.0,0
1.0,1.0,1.0,1.0,1.0,1.0,2.0,1.0,1.0,1.0,2.0,1.0,1,1,1,1,1.0,1.0,1.0,1.0,1.0,0
1.0,1.0,1.0,1.0,1.0,1.0,2.0,1.0,1.0,1.0,2.0,1.0,1,1,1,1,1.0,1.0,1.0,1.0,1.0,0
1.0,1.0,1.0,1.0,1.0,1.0,2.0,1.0,2.0,1.0,2.0,2.0,1,1,1,1,1.0,2.0,1.0,1.0,1.0,0
1.0,1.0,1.0,1.0,1.0,1.0,2.0,1.0,1.0,1.0,2.0,1.0,1,1,1,1,1.0,1.0,1.0,1.0,1.0,0
1.0,1.0,1.0,1.0,1.0,1.0,2.0,1.0,1.0,1.0,2.0,1.0,1,1,1,1,1.0,1.0,1.0,1.0,1.0,0
1.0,1.0,1.0,1.0,1.0,1.0,2.0,1.0,1.0,1.0,2.0,1.0,1,1,1,1,1.0,1.0,1.0,1.0,1.0,0
1.0,1.0,2.0,1.0,1.0,1.0,2.0,1.0,1.0,1.0,2.0,1.0,1,1,1,1,1.0,1.0,1.0,1.0,1.0,0
1.0,1.0,1.0,1.0,1.0,1.0,2.0,1.0,1.0,1.0,2.0,1.0,1,1,1,1,1.0,1.0,1.0,1.0,1.0,0
1.0,1.0,2.0,1.0,1.0,1.0,2.0,1.0,2.0,1.0,2.0,2.0,1,1,1,1,1.0,1.0,1.0,1.0,1.0,0
1.0,1.0,1.0,1.0,1.0,1.0,2.0,1.0,2.0,1.0,2.0,1.0,1,1,1,1,1.0,1.0,1.0,1.0,1.0,0
1.0,1.0,1.0,1.0,1.0,1.0,2.0,1.0,2.0,1.0,2.0,2.0,1,1,1,1,1.0,1.0,1.0,1.0,1.0,0
1.0,1.0,1.0,1.0,1.0,1.0,2.0,1.0,1.0,1.0,2.0,2.0,1,1,1,1,1.0,1.0,1.0,1.0,1.0,0
1.0,1.0,1.0,1.0,1.0,1.0,2.0,1.0,1.0,1.0,2.0,1.0,1,1,1,1,1.0,1.0,1.0,1.0,1.0,0
1.0,1.0,1.0,1.0,2.0,1.0,2.0,1.0,2.0,2.0,2.0,2.0,1,1,1,1,1.0,2.0,1.0,1.0,1.0,0
1.0,1.0,1.0,1.0,1.0,1.0,2.0,1.0,2.0,1.0,2.0,1.0,1,1,1,1,1.0,1.0,1.0,1.0,1.0,0
1.0,1.0,1.0,1.0,1.0,1.0,2.0,1.0,1.0,1.0,2.0,2.0,1,1,1,1,1.0,1.0,1.0,1.0,1.0,0
1.0,1.0,2.0,1.0,1.0,1.0,2.0,1.0,2.0,1.0,2.0,2.0,1,1,1,1,1.0,1.0,1.0,1.0,1.0,0
1.0,1.0,1.0,1.0,1.0,1.0,2.0,1.0,1.0,1.0,2.0,1.0,1,1,1,1,1.0,1.0,1.0,1.0,1.0,0
1.0,1.0,1.0,1.0,1.0,1.0,2.0,1.0,1.0,1.0,2.0,2.0,1,1,1,1,1.0,1.0,1.0,1.0,1.0,0
1.0,1.0,1.0,1.0,1.0,1.0,2.0,1.0,2.0,1.0,2.0,1.0,1,1,1,1,1.0,1.0,1.0,1.0,1.0,0
1.0,1.0,1.0,1.0,1.0,1.0,2.0,1.0,1.0,1.0,2.0,1.0,1,1,1,1,1.0,1.0,1.0,1.0,1.0,0
1.0,1.0,1.0,1.0,1.0,1.0,2.0,1.0,2.0,1.0,2.0,2.0,1,1,1,1,1.0,1.0,1.0,1.0,1.0,0
1.0,1.0,1.0,1.0,1.0,1.0,2.0,1.0,1.0,1.0,2.0,1.0,1,1,1,1,1.0,1.0,1.0,1.0,1.0,0
1.0,1.0,1.0,1.0,1.0,1.0,2.0,1.0,2.0,1.0,2.0,1.0,1,1,1,1,1.0,1.0,1.0,1.0,1.0,0
1.0,1.0,1.0,1.0,1.0,1.0,2.0,1.0,1.0,1.0,2.0,1.0,1,1,1,1,1.0,1.0,1.0,1.0,1.0,0
1.0,1.0,1.0,1.0,1.0,1.0,2.0,1.0,2.0,1.0,2.0,2.0,1,1,1,1,1.0,1.0,1.0,1.0,1.0,0
1.0,1.0,1.0,1.0,1.0,1.0,2.0,1.0,1.0,1.0,2.0,1.0,1,1,1,1,1.0,1.0,1.0,1.0,1.0,0
1.0,1.0,1.0,1.0,1.0,1.0,2.0,1.0,2.0,1.0,2.0,2.0,1,1,1,1,1.0,1.0,1.0,1.0,1.0,0
1.0,1.0,1.0,1.0,1.0,1.0,2.0,1.0,1.0,1.0,2.0,2.0,1,1,1,1,1.0,1.0,1.0,1.0,1.0,0
1.0,1.0,1.0,1.0,1.0,1.0,2.0,1.0,1.0,1.0,2.0,1.0,1,1,1,1,1.0,1.0,1.0,1.0,1.0,0
1.0,1.0,1.0,1.0,1.0,1.0,2.0,1.0,2.0,1.0,2.0,1.0,1,1,1,1,1.0,1.0,1.0,1.0,1.0,0
1.0,1.0,1.0,1.0,1.0,1.0,2.0,1.0,2.0,1.0,2.0,2.0,1,1,1,1,1.0,2.0,1.0,1.0,1.0,0
1.0,1.0,1.0,1.0,1.0,1.0,2.0,1.0,2.0,1.0,2.0,1.0,1,1,1,1,1.0,1.0,1.0,1.0,1.0,0
1.0,1.0,2.0,1.0,1.0,1.0,2.0,1.0,1.0,1.0,2.0,1.0,1,1,1,1,1.0,1.0,1.0,1.0,1.0,0
1.0,1.0,1.0,1.0,1.0,1.0,2.0,1.0,2.0,1.0,2.0,2.0,1,1,1,1,1.0,1.0,1.0,1.0,1.0,0
1.0,1.0,1.0,1.0,1.0,1.0,2.0,1.0,1.0,1.0,2.0,1.0,1,1,1,1,1.0,1.0,1.0,1.0,1.0,0
1.0,1.0,1.0,1.0,1.0,1.0,2.0,1.0,1.0,1.0,2.0,2.0,1,1,1,1,1.0,1.0,1.0,1.0,1.0,0
1.0,1.0,1.0,1.0,1.0,1.0,2.0,1.0,1.0,1.0,2.0,1.0,1,1,1,1,1.0,1.0,1.0,1.0,1.0,0
1.0,1.0,1.0,1.0,1.0,1.0,2.0,1.0,1.0,1.0,2.0,1.0,1,1,1,1,1.0,1.0,1.0,1.0,1.0,0
1.0,1.0,1.0,1.0,1.0,1.0,2.0,1.0,1.0,1.0,2.0,1.0,1,1,1,1,1.0,1.0,1.0,1.0,1.0,0
1.0,1.0,1.0,1.0,1.0,1.0,2.0,1.0,1.0,1.0,2.0,1.0,1,1,1,1,1.0,1.0,1.0,1.0,1.0,0
1.0,1.0,1.0,1.0,1.0,1.0,2.0,1.0,1.0,1.0,2.0,1.0,1,1,1,1,1.0,1.0,1.0,1.0,1.0,0
1.0,1.0,1.0,1.0,1.0,1.0,2.0,1.0,1.0,1.0,2.0,2.0,1,1,1,1,1.0,1.0,1.0,1.0,1.0,0
2.0,2.0,1.0,1.0,2.0,1.0,2.0,2.0,2.0,2.0,2.0,2.0,2,1,1,2,1.0,2.0,2.0,2.0,2.0,0
1.0,1.0,2.0,1.0,1.0,1.0,2.0,1.0,2.0,1.0,2.0,2.0,1,1,1,1,1.0,1.0,1.0,1.0,1.0,0
1.0,1.0,1.0,1.0,1.0,1.0,2.0,1.0,2.0,1.0,2.0,1.0,1,1,1,1,1.0,1.0,1.0,1.0,1.0,0
1.0,1.0,1.0,1.0,1.0,1.0,2.0,1.0,1.0,1.0,2.0,1.0,1,1,1,1,1.0,1.0,1.0,1.0,1.0,0
1.0,1.0,1.0,1.0,1.0,1.0,2.0,1.0,1.0,1.0,2.0,1.0,1,1,1,1,1.0,1.0,1.0,1.0,1.0,0
1.0,1.0,1.0,1.0,1.0,1.0,2.0,1.0,1.0,1.0,2.0,1.0,1,1,1,1,1.0,1.0,1.0,1.0,1.0,0
1.0,1.0,2.0,1.0,2.0,1.0,2.0,1.0,2.0,2.0,2.0,2.0,1,1,1,1,1.0,2.0,1.0,2.0,2.0,0
1.0,1.0,1.0,1.0,1.0,1.0,2.0,1.0,2.0,1.0,2.0,2.0,1,1,1,1,1.0,1.0,1.0,1.0,1.0,0
1.0,1.0,1.0,1.0,1.0,1.0,2.0,1.0,2.0,1.0,2.0,1.0,1,1,1,1,1.0,1.0,1.0,1.0,1.0,0
1.0,1.0,1.0,1.0,1.0,1.0,2.0,1.0,1.0,1.0,2.0,1.0,1,1,1,1,1.0,1.0,1.0,1.0,1.0,0
1.0,1.0,1.0,1.0,1.0,1.0,2.0,1.0,2.0,1.0,2.0,2.0,1,1,1,1,1.0,2.0,1.0,1.0,1.0,0
1.0,1.0,1.0,1.0,1.0,1.0,2.0,1.0,1.0,1.0,2.0,1.0,1,1,1,1,1.0,1.0,1.0,1.0,1.0,0
1.0,1.0,1.0,1.0,1.0,1.0,2.0,1.0,1.0,1.0,2.0,1.0,1,1,1,1,1.0,1.0,1.0,1.0,1.0,0
1.0,1.0,1.0,1.0,1.0,1.0,2.0,1.0,2.0,1.0,2.0,2.0,1,1,1,1,1.0,1.0,1.0,1.0,1.0,0
1.0,1.0,1.0,1.0,1.0,1.0,2.0,1.0,2.0,1.0,2.0,1.0,1,1,1,1,1.0,1.0,1.0,1.0,1.0,0
1.0,1.0,1.0,1.0,1.0,1.0,2.0,1.0,1.0,1.0,2.0,2.0,1,1,1,1,1.0,1.0,1.0,1.0,1.0,0
1.0,1.0,1.0,1.0,1.0,1.0,2.0,1.0,1.0,1.0,2.0,1.0,1,1,1,1,1.0,1.0,1.0,1.0,1.0,0
1.0,1.0,1.0,1.0,1.0,1.0,2.0,1.0,1.0,1.0,2.0,2.0,1,1,1,1,1.0,1.0,1.0,1.0,1.0,0
1.0,1.0,1.0,1.0,2.0,1.0,2.0,1.0,2.0,1.0,2.0,2.0,1,1,1,1,1.0,2.0,1.0,2.0,1.0,0
1.0,1.0,1.0,1.0,1.0,1.0,2.0,1.0,1.0,1.0,2.0,1.0,1,1,1,1,1.0,1.0,1.0,1.0,1.0,0
1.0,1.0,2.0,1.0,1.0,1.0,2.0,1.0,1.0,1.0,2.0,2.0,1,1,1,1,1.0,1.0,1.0,1.0,1.0,0
1.0,1.0,1.0,1.0,1.0,1.0,2.0,1.0,1.0,1.0,2.0,1.0,1,1,1,1,1.0,1.0,1.0,1.0,1.0,0
1.0,1.0,2.0,1.0,1.0,1.0,2.0,1.0,1.0,1.0,2.0,2.0,1,1,1,1,1.0,1.0,1.0,1.0,1.0,0
1.0,1.0,1.0,1.0,1.0,1.0,2.0,1.0,1.0,1.0,2.0,1.0,1,1,1,1,1.0,1.0,1.0,1.0,1.0,0
1.0,1.0,2.0,1.0,1.0,1.0,2.0,1.0,1.0,1.0,2.0,1.0,1,1,1,1,1.0,1.0,1.0,1.0,1.0,0
1.0,1.0,1.0,1.0,1.0,1.0,2.0,1.0,1.0,1.0,2.0,1.0,1,1,1,1,1.0,1.0,1.0,1.0,1.0,0
1.0,1.0,1.0,1.0,1.0,1.0,2.0,1.0,1.0,1.0,2.0,1.0,1,1,1,1,1.0,1.0,1.0,1.0,1.0,0
1.0,1.0,1.0,1.0,1.0,1.0,2.0,1.0,1.0,1.0,2.0,1.0,1,1,1,1,1.0,1.0,1.0,1.0,1.0,0
1.0,1.0,1.0,1.0,2.0,1.0,2.0,1.0,2.0,2.0,2.0,2.0,1,1,1,1,1.0,2.0,1.0,2.0,1.0,0
1.0,1.0,1.0,1.0,1.0,1.0,2.0,1.0,1.0,1.0,2.0,1.0,1,1,1,1,1.0,1.0,1.0,1.0,1.0,0
1.0,1.0,2.0,1.0,1.0,1.0,2.0,1.0,1.0,1.0,2.0,2.0,1,1,1,1,1.0,1.0,1.0,1.0,1.0,0
1.0,1.0,2.0,1.0,1.0,1.0,2.0,1.0,1.0,1.0,2.0,1.0,1,1,1,1,1.0,1.0,1.0,1.0,1.0,0
1.0,1.0,1.0,1.0,1.0,1.0,2.0,1.0,2.0,1.0,2.0,1.0,1,1,1,1,1.0,1.0,1.0,1.0,1.0,0
1.0,1.0,1.0,1.0,1.0,1.0,2.0,1.0,1.0,1.0,2.0,1.0,1,1,1,1,1.0,1.0,1.0,1.0,1.0,0
1.0,1.0,1.0,1.0,1.0,1.0,2.0,1.0,1.0,1.0,2.0,2.0,1,1,1,1,1.0,1.0,1.0,1.0,1.0,0
1.0,1.0,2.0,1.0,1.0,1.0,2.0,1.0,1.0,1.0,2.0,1.0,1,1,1,1,1.0,1.0,1.0,1.0,1.0,0
1.0,1.0,2.0,1.0,1.0,1.0,2.0,1.0,2.0,1.0,2.0,2.0,1,1,1,1,1.0,1.0,1.0,1.0,1.0,0
1.0,1.0,1.0,1.0,1.0,1.0,2.0,1.0,1.0,1.0,2.0,1.0,1,1,1,1,1.0,1.0,1.0,1.0,1.0,0
1.0,1.0,1.0,1.0,1.0,1.0,2.0,1.0,1.0,1.0,2.0,2.0,1,1,1,1,1.0,1.0,1.0,1.0,1.0,0
1.0,1.0,1.0,1.0,1.0,1.0,2.0,1.0,1.0,1.0,2.0,1.0,1,1,1,1,1.0,1.0,1.0,1.0,1.0,0
1.0,1.0,1.0,1.0,1.0,1.0,2.0,1.0,1.0,1.0,2.0,1.0,1,1,1,1,1.0,1.0,1.0,1.0,1.0,0
1.0,1.0,1.0,1.0,1.0,1.0,2.0,1.0,1.0,1.0,2.0,2.0,1,1,1,1,1.0,1.0,1.0,1.0,1.0,0
1.0,1.0,1.0,1.0,1.0,1.0,2.0,1.0,1.0,1.0,2.0,2.0,1,1,1,1,1.0,1.0,1.0,1.0,1.0,0
1.0,1.0,2.0,1.0,1.0,1.0,2.0,1.0,2.0,1.0,2.0,2.0,1,1,1,1,1.0,2.0,1.0,1.0,1.0,0
1.0,1.0,1.0,1.0,1.0,1.0,2.0,1.0,1.0,1.0,2.0,2.0,1,1,1,1,1.0,1.0,1.0,1.0,1.0,0
1.0,1.0,2.0,1.0,1.0,1.0,2.0,1.0,1.0,1.0,2.0,2.0,1,1,1,1,1.0,1.0,1.0,1.0,1.0,0
1.0,1.0,1.0,1.0,1.0,1.0,2.0,1.0,2.0,1.0,2.0,2.0,1,1,1,1,1.0,2.0,1.0,1.0,1.0,0
1.0,1.0,1.0,1.0,1.0,1.0,2.0,1.0,1.0,1.0,2.0,1.0,1,1,1,1,1.0,1.0,1.0,1.0,1.0,0
1.0,1.0,1.0,1.0,1.0,1.0,2.0,1.0,1.0,1.0,2.0,2.0,1,1,1,1,1.0,1.0,1.0,1.0,1.0,0
1.0,1.0,2.0,1.0,1.0,1.0,2.0,1.0,1.0,1.0,2.0,2.0,1,1,1,1,1.0,1.0,1.0,1.0,1.0,0
1.0,1.0,2.0,1.0,1.0,1.0,2.0,1.0,2.0,1.0,2.0,2.0,1,1,1,1,1.0,1.0,1.0,1.0,1.0,0
1.0,1.0,1.0,1.0,1.0,1.0,2.0,1.0,2.0,1.0,2.0,1.0,1,1,1,1,1.0,1.0,1.0,1.0,1.0,0
1.0,1.0,1.0,1.0,1.0,1.0,2.0,1.0,1.0,1.0,2.0,2.0,1,1,1,1,1.0,1.0,1.0,1.0,1.0,0
1.0,1.0,2.0,1.0,2.0,1.0,2.0,2.0,2.0,2.0,2.0,2.0,1,1,1,1,1.0,1.0,1.0,2.0,2.0,0
1.0,1.0,1.0,1.0,1.0,1.0,2.0,1.0,2.0,1.0,2.0,2.0,1,1,1,1,1.0,2.0,1.0,1.0,1.0,0
1.0,1.0,1.0,1.0,2.0,1.0,2.0,1.0,2.0,2.0,2.0,2.0,1,2,1,2,1.0,2.0,1.0,1.0,1.0,0
1.0,1.0,1.0,1.0,2.0,1.0,2.0,1.0,2.0,2.0,2.0,2.0,1,1,1,1,1.0,1.0,1.0,2.0,1.0,0
1.0,1.0,1.0,1.0,1.0,1.0,2.0,1.0,1.0,1.0,2.0,1.0,1,1,1,1,1.0,1.0,1.0,1.0,1.0,0
1.0,1.0,1.0,1.0,1.0,1.0,2.0,1.0,1.0,1.0,2.0,1.0,1,1,1,1,1.0,1.0,1.0,1.0,1.0,0
1.0,1.0,2.0,1.0,1.0,1.0,2.0,1.0,1.0,1.0,2.0,1.0,1,1,1,1,1.0,1.0,1.0,1.0,1.0,0
1.0,1.0,1.0,1.0,2.0,1.0,2.0,1.0,2.0,2.0,2.0,2.0,1,1,1,1,1.0,1.0,1.0,2.0,1.0,0
1.0,1.0,2.0,1.0,1.0,1.0,2.0,1.0,1.0,1.0,2.0,2.0,1,1,1,1,1.0,1.0,1.0,1.0,1.0,0
1.0,1.0,1.0,1.0,1.0,1.0,2.0,1.0,1.0,1.0,2.0,1.0,1,1,1,1,1.0,1.0,1.0,1.0,1.0,0
1.0,1.0,2.0,1.0,1.0,1.0,2.0,1.0,1.0,1.0,2.0,2.0,1,1,1,1,1.0,1.0,1.0,1.0,1.0,0
1.0,1.0,1.0,1.0,1.0,1.0,2.0,1.0,2.0,1.0,2.0,2.0,1,1,1,1,1.0,1.0,1.0,1.0,1.0,0
1.0,1.0,1.0,1.0,1.0,1.0,2.0,1.0,1.0,1.0,2.0,1.0,1,1,1,1,1.0,1.0,1.0,1.0,1.0,0
1.0,1.0,1.0,1.0,1.0,1.0,2.0,1.0,1.0,1.0,2.0,2.0,1,1,1,1,1.0,1.0,1.0,1.0,1.0,0
1.0,1.0,1.0,1.0,1.0,1.0,2.0,1.0,1.0,1.0,2.0,1.0,1,1,1,1,1.0,1.0,1.0,1.0,1.0,0
1.0,1.0,1.0,1.0,1.0,1.0,2.0,1.0,1.0,1.0,2.0,1.0,1,1,1,1,1.0,1.0,1.0,1.0,1.0,0
1.0,1.0,1.0,1.0,1.0,1.0,2.0,1.0,2.0,1.0,2.0,1.0,1,1,1,1,1.0,1.0,1.0,1.0,1.0,0
2.0,1.0,1.0,1.0,2.0,1.0,2.0,1.0,2.0,2.0,2.0,2.0,2,1,1,1,1.0,2.0,2.0,2.0,1.0,0
1.0,1.0,1.0,1.0,1.0,1.0,2.0,1.0,1.0,1.0,2.0,1.0,1,1,1,1,1.0,1.0,1.0,1.0,1.0,0
1.0,1.0,1.0,1.0,1.0,1.0,2.0,1.0,1.0,1.0,2.0,1.0,1,1,1,1,1.0,1.0,1.0,1.0,1.0,0
1.0,1.0,1.0,1.0,1.0,1.0,2.0,1.0,1.0,1.0,2.0,1.0,1,1,1,1,1.0,1.0,1.0,1.0,1.0,0
1.0,1.0,1.0,1.0,1.0,1.0,2.0,1.0,1.0,1.0,2.0,2.0,1,1,1,1,1.0,1.0,1.0,1.0,1.0,0
1.0,1.0,1.0,1.0,1.0,1.0,2.0,1.0,1.0,1.0,2.0,1.0,1,1,1,1,1.0,1.0,1.0,1.0,1.0,0
1.0,1.0,1.0,1.0,1.0,1.0,2.0,1.0,1.0,1.0,2.0,1.0,1,1,1,1,1.0,1.0,1.0,1.0,1.0,0
1.0,1.0,1.0,1.0,1.0,1.0,2.0,1.0,1.0,1.0,2.0,1.0,1,1,1,1,1.0,1.0,1.0,1.0,1.0,0
1.0,1.0,2.0,1.0,1.0,1.0,2.0,1.0,1.0,1.0,2.0,2.0,1,1,1,1,1.0,1.0,1.0,1.0,2.0,0
1.0,1.0,1.0,1.0,1.0,1.0,2.0,1.0,2.0,1.0,2.0,1.0,1,1,1,1,1.0,1.0,1.0,1.0,1.0,0
1.0,1.0,1.0,1.0,1.0,1.0,2.0,1.0,1.0,1.0,2.0,1.0,1,1,1,1,1.0,1.0,1.0,1.0,1.0,0
1.0,1.0,1.0,1.0,1.0,1.0,2.0,1.0,1.0,1.0,2.0,1.0,1,1,1,1,1.0,1.0,1.0,1.0,1.0,0
1.0,1.0,1.0,1.0,1.0,1.0,2.0,1.0,1.0,1.0,2.0,1.0,1,1,1,1,1.0,1.0,1.0,1.0,1.0,0
1.0,1.0,1.0,1.0,1.0,1.0,2.0,1.0,1.0,1.0,2.0,1.0,1,1,1,1,1.0,1.0,1.0,1.0,1.0,0
1.0,1.0,1.0,1.0,1.0,1.0,2.0,1.0,1.0,1.0,2.0,1.0,1,1,1,1,1.0,1.0,1.0,1.0,1.0,0
1.0,1.0,1.0,1.0,1.0,1.0,2.0,1.0,1.0,1.0,2.0,1.0,1,1,1,1,1.0,1.0,1.0,1.0,1.0,0
1.0,1.0,1.0,1.0,2.0,1.0,2.0,1.0,2.0,1.0,2.0,2.0,1,1,1,1,1.0,2.0,1.0,2.0,2.0,0
1.0,1.0,1.0,1.0,1.0,1.0,2.0,1.0,1.0,1.0,2.0,2.0,1,1,1,1,1.0,1.0,1.0,1.0,1.0,0
1.0,1.0,1.0,1.0,1.0,1.0,2.0,1.0,1.0,1.0,2.0,1.0,1,1,1,1,1.0,1.0,1.0,1.0,1.0,0
1.0,1.0,2.0,1.0,2.0,1.0,2.0,1.0,2.0,2.0,2.0,2.0,1,1,1,1,1.0,2.0,1.0,2.0,2.0,0
1.0,1.0,1.0,1.0,1.0,1.0,2.0,1.0,1.0,1.0,2.0,1.0,1,1,1,1,1.0,1.0,1.0,1.0,1.0,0
1.0,1.0,2.0,1.0,1.0,1.0,2.0,1.0,1.0,1.0,2.0,2.0,1,1,1,1,1.0,1.0,1.0,1.0,2.0,0
1.0,1.0,1.0,1.0,1.0,1.0,2.0,1.0,2.0,1.0,2.0,2.0,1,1,1,1,1.0,1.0,1.0,1.0,1.0,0
1.0,1.0,1.0,1.0,1.0,1.0,2.0,1.0,1.0,1.0,2.0,1.0,1,1,1,1,1.0,1.0,1.0,1.0,1.0,0
1.0,1.0,1.0,1.0,1.0,1.0,2.0,1.0,1.0,1.0,2.0,1.0,1,1,1,1,1.0,1.0,1.0,1.0,1.0,0
1.0,1.0,1.0,1.0,1.0,1.0,2.0,1.0,2.0,2.0,2.0,2.0,1,1,1,1,1.0,1.0,1.0,1.0,2.0,0
1.0,1.0,1.0,1.0,1.0,1.0,2.0,1.0,2.0,1.0,2.0,1.0,1,1,1,1,1.0,1.0,1.0,1.0,1.0,0
1.0,1.0,1.0,1.0,1.0,1.0,2.0,1.0,1.0,1.0,2.0,1.0,1,1,1,1,1.0,1.0,1.0,1.0,1.0,0
1.0,1.0,1.0,1.0,1.0,1.0,2.0,1.0,1.0,1.0,2.0,1.0,1,1,1,1,1.0,1.0,1.0,1.0,1.0,0
1.0,1.0,1.0,1.0,1.0,1.0,2.0,1.0,1.0,1.0,2.0,1.0,1,1,1,1,1.0,1.0,1.0,1.0,1.0,0
1.0,1.0,1.0,1.0,1.0,1.0,2.0,1.0,2.0,1.0,2.0,1.0,1,1,1,1,1.0,1.0,1.0,1.0,1.0,0
1.0,1.0,2.0,1.0,1.0,1.0,2.0,1.0,1.0,1.0,2.0,1.0,1,1,1,1,1.0,1.0,1.0,1.0,1.0,0
1.0,1.0,2.0,1.0,1.0,1.0,2.0,1.0,1.0,1.0,2.0,1.0,1,1,1,1,1.0,1.0,1.0,1.0,1.0,0
1.0,1.0,1.0,1.0,1.0,1.0,2.0,1.0,1.0,1.0,2.0,2.0,1,1,1,1,1.0,1.0,1.0,1.0,1.0,0
1.0,1.0,1.0,1.0,1.0,1.0,2.0,1.0,1.0,1.0,2.0,1.0,1,1,1,1,1.0,1.0,1.0,1.0,1.0,0
1.0,1.0,2.0,1.0,1.0,1.0,2.0,1.0,2.0,1.0,2.0,2.0,1,1,1,1,1.0,1.0,1.0,1.0,1.0,0
1.0,1.0,1.0,1.0,1.0,1.0,2.0,1.0,1.0,1.0,2.0,1.0,1,1,1,1,1.0,1.0,1.0,1.0,1.0,0
1.0,1.0,2.0,1.0,1.0,1.0,2.0,1.0,2.0,2.0,2.0,2.0,1,1,1,1,1.0,1.0,1.0,1.0,2.0,0
1.0,1.0,1.0,1.0,1.0,1.0,2.0,1.0,1.0,1.0,2.0,1.0,1,1,1,1,1.0,1.0,1.0,1.0,1.0,0
1.0,1.0,1.0,1.0,1.0,1.0,2.0,1.0,1.0,1.0,2.0,1.0,1,1,1,1,1.0,1.0,1.0,1.0,1.0,0
1.0,1.0,1.0,1.0,1.0,1.0,2.0,1.0,1.0,1.0,2.0,1.0,1,1,1,1,1.0,1.0,1.0,1.0,1.0,0
1.0,1.0,1.0,1.0,1.0,1.0,2.0,1.0,1.0,1.0,2.0,1.0,1,1,1,1,1.0,1.0,1.0,1.0,1.0,0
1.0,1.0,1.0,1.0,1.0,1.0,2.0,1.0,1.0,1.0,2.0,1.0,1,1,1,1,1.0,1.0,1.0,1.0,1.0,0
1.0,1.0,1.0,1.0,1.0,1.0,2.0,1.0,1.0,1.0,2.0,2.0,1,1,1,1,1.0,1.0,1.0,1.0,1.0,0
1.0,1.0,1.0,1.0,1.0,1.0,2.0,1.0,1.0,1.0,2.0,1.0,1,1,1,1,1.0,1.0,1.0,1.0,1.0,0
1.0,1.0,1.0,1.0,1.0,1.0,2.0,1.0,2.0,1.0,2.0,2.0,1,1,1,1,1.0,1.0,1.0,1.0,1.0,0
1.0,1.0,1.0,1.0,1.0,1.0,2.0,1.0,1.0,1.0,2.0,1.0,1,1,1,1,1.0,1.0,1.0,1.0,1.0,0
2.0,1.0,1.0,1.0,2.0,1.0,2.0,2.0,2.0,2.0,2.0,2.0,1,1,2,1,2.0,2.0,2.0,2.0,2.0,0
1.0,1.0,2.0,1.0,1.0,1.0,2.0,1.0,2.0,1.0,2.0,2.0,1,1,1,1,1.0,1.0,1.0,1.0,1.0,0
1.0,1.0,1.0,1.0,1.0,1.0,2.0,1.0,2.0,1.0,2.0,1.0,1,1,1,1,1.0,1.0,1.0,1.0,1.0,0
1.0,1.0,1.0,1.0,1.0,1.0,2.0,1.0,1.0,1.0,2.0,1.0,1,1,1,1,1.0,1.0,1.0,1.0,1.0,0
1.0,1.0,1.0,1.0,1.0,1.0,2.0,1.0,1.0,1.0,2.0,1.0,1,1,1,1,1.0,1.0,1.0,1.0,1.0,0
1.0,1.0,1.0,1.0,1.0,1.0,2.0,1.0,1.0,1.0,2.0,1.0,1,1,1,1,1.0,1.0,1.0,1.0,1.0,0
1.0,1.0,2.0,1.0,1.0,1.0,2.0,1.0,2.0,1.0,2.0,2.0,1,1,1,1,1.0,1.0,1.0,1.0,2.0,0
1.0,1.0,1.0,1.0,1.0,1.0,2.0,1.0,2.0,1.0,2.0,1.0,1,1,1,1,1.0,1.0,1.0,1.0,1.0,0
1.0,1.0,1.0,1.0,1.0,1.0,2.0,1.0,1.0,1.0,2.0,1.0,1,1,1,1,1.0,1.0,1.0,1.0,1.0,0
1.0,1.0,1.0,1.0,2.0,1.0,2.0,1.0,2.0,2.0,2.0,2.0,1,1,1,1,1.0,1.0,1.0,2.0,2.0,0
1.0,1.0,1.0,1.0,1.0,1.0,2.0,1.0,1.0,1.0,2.0,1.0,1,1,1,1,1.0,1.0,1.0,1.0,1.0,0
1.0,1.0,1.0,1.0,1.0,1.0,2.0,1.0,1.0,1.0,2.0,2.0,1,1,1,1,1.0,1.0,1.0,1.0,1.0,0
1.0,1.0,1.0,1.0,1.0,1.0,2.0,1.0,2.0,1.0,2.0,1.0,1,1,1,1,1.0,1.0,1.0,1.0,1.0,0
1.0,1.0,1.0,1.0,1.0,1.0,2.0,1.0,1.0,1.0,2.0,1.0,1,1,1,1,1.0,1.0,1.0,1.0,1.0,0
1.0,1.0,2.0,1.0,1.0,1.0,2.0,1.0,2.0,1.0,2.0,2.0,1,1,1,1,1.0,1.0,1.0,1.0,1.0,0
1.0,1.0,1.0,1.0,1.0,1.0,2.0,1.0,1.0,1.0,2.0,1.0,1,1,1,1,1.0,1.0,1.0,1.0,1.0,0
1.0,1.0,1.0,1.0,1.0,1.0,2.0,1.0,2.0,1.0,2.0,2.0,1,1,1,1,1.0,1.0,1.0,1.0,1.0,0
1.0,1.0,1.0,1.0,1.0,1.0,2.0,1.0,1.0,1.0,2.0,1.0,1,1,1,1,1.0,1.0,1.0,1.0,1.0,0
1.0,1.0,1.0,1.0,1.0,1.0,2.0,1.0,2.0,1.0,2.0,1.0,1,1,1,1,1.0,1.0,1.0,1.0,1.0,0
2.0,1.0,2.0,1.0,2.0,1.0,2.0,1.0,2.0,2.0,2.0,2.0,2,1,1,1,1.0,2.0,2.0,2.0,2.0,0
1.0,1.0,1.0,1.0,1.0,1.0,2.0,1.0,1.0,1.0,2.0,1.0,1,1,1,1,1.0,1.0,1.0,1.0,1.0,0
1.0,1.0,1.0,1.0,1.0,1.0,2.0,1.0,2.0,1.0,2.0,2.0,1,1,1,1,1.0,1.0,1.0,1.0,1.0,0
1.0,1.0,1.0,1.0,1.0,1.0,2.0,1.0,1.0,1.0,2.0,1.0,1,1,1,1,1.0,1.0,1.0,1.0,1.0,0
1.0,1.0,1.0,1.0,1.0,1.0,2.0,1.0,1.0,1.0,2.0,1.0,1,1,1,1,1.0,1.0,1.0,1.0,1.0,0
1.0,1.0,1.0,1.0,1.0,1.0,2.0,1.0,2.0,1.0,2.0,2.0,1,1,1,1,1.0,2.0,1.0,1.0,1.0,0
1.0,1.0,1.0,1.0,1.0,1.0,2.0,1.0,1.0,1.0,2.0,1.0,1,1,1,1,1.0,1.0,1.0,1.0,1.0,0
1.0,1.0,2.0,1.0,2.0,1.0,2.0,1.0,2.0,1.0,2.0,2.0,1,1,1,1,1.0,2.0,1.0,2.0,2.0,0
1.0,1.0,1.0,1.0,1.0,1.0,2.0,1.0,2.0,1.0,2.0,2.0,1,1,1,1,1.0,2.0,1.0,1.0,1.0,0
1.0,1.0,1.0,1.0,1.0,1.0,2.0,1.0,1.0,1.0,2.0,1.0,1,1,1,1,1.0,1.0,1.0,1.0,1.0,0
1.0,1.0,1.0,1.0,1.0,1.0,2.0,1.0,2.0,1.0,2.0,2.0,1,1,1,1,1.0,1.0,1.0,1.0,1.0,0
1.0,1.0,2.0,1.0,1.0,1.0,2.0,1.0,2.0,1.0,2.0,2.0,1,1,1,1,1.0,1.0,1.0,1.0,2.0,0
1.0,1.0,1.0,1.0,1.0,1.0,2.0,1.0,1.0,1.0,2.0,1.0,1,1,1,1,1.0,1.0,1.0,1.0,1.0,0
1.0,1.0,1.0,1.0,1.0,1.0,2.0,1.0,1.0,1.0,2.0,1.0,1,1,1,1,1.0,1.0,1.0,1.0,1.0,0
1.0,1.0,1.0,1.0,1.0,1.0,2.0,1.0,1.0,1.0,2.0,2.0,1,1,1,1,1.0,1.0,1.0,1.0,1.0,0
2.0,2.0,2.0,1.0,2.0,1.0,2.0,2.0,2.0,2.0,2.0,2.0,1,1,1,1,2.0,2.0,2.0,2.0,2.0,0
1.0,1.0,1.0,1.0,1.0,1.0,2.0,1.0,1.0,1.0,2.0,1.0,1,1,1,1,1.0,1.0,1.0,1.0,1.0,0
1.0,1.0,2.0,1.0,1.0,1.0,2.0,1.0,1.0,1.0,2.0,2.0,1,1,1,1,1.0,1.0,1.0,1.0,1.0,0
1.0,1.0,1.0,1.0,1.0,1.0,2.0,1.0,2.0,1.0,2.0,2.0,1,1,1,1,1.0,1.0,1.0,1.0,1.0,0
1.0,1.0,1.0,1.0,1.0,1.0,2.0,1.0,2.0,1.0,2.0,2.0,1,1,1,1,1.0,1.0,1.0,1.0,1.0,0
1.0,1.0,1.0,1.0,2.0,1.0,2.0,1.0,2.0,1.0,2.0,2.0,1,1,1,1,1.0,1.0,1.0,2.0,1.0,0
1.0,1.0,1.0,1.0,1.0,1.0,2.0,1.0,2.0,1.0,2.0,1.0,1,1,1,1,1.0,1.0,1.0,1.0,1.0,0
1.0,1.0,2.0,1.0,2.0,1.0,2.0,1.0,2.0,2.0,2.0,2.0,1,1,1,1,1.0,2.0,1.0,2.0,2.0,0
1.0,1.0,1.0,1.0,1.0,1.0,2.0,1.0,2.0,1.0,2.0,2.0,1,1,1,1,1.0,2.0,1.0,1.0,1.0,0
1.0,1.0,2.0,1.0,1.0,1.0,2.0,1.0,1.0,1.0,2.0,2.0,1,1,1,1,1.0,1.0,1.0,1.0,1.0,0
1.0,1.0,1.0,1.0,1.0,1.0,2.0,1.0,1.0,1.0,2.0,1.0,1,1,1,1,1.0,1.0,1.0,1.0,1.0,0
1.0,1.0,1.0,1.0,1.0,1.0,2.0,1.0,2.0,1.0,2.0,2.0,1,1,1,1,1.0,1.0,1.0,1.0,1.0,0
1.0,1.0,1.0,1.0,1.0,1.0,2.0,1.0,1.0,1.0,2.0,1.0,1,1,1,1,1.0,1.0,1.0,1.0,1.0,0
1.0,1.0,1.0,1.0,1.0,1.0,2.0,1.0,1.0,1.0,2.0,1.0,1,1,1,1,1.0,1.0,1.0,1.0,1.0,0
1.0,1.0,2.0,1.0,1.0,1.0,2.0,1.0,1.0,1.0,2.0,1.0,1,1,1,1,1.0,1.0,1.0,1.0,1.0,0
1.0,1.0,1.0,1.0,1.0,1.0,2.0,1.0,1.0,1.0,2.0,1.0,1,1,1,1,1.0,1.0,1.0,1.0,1.0,0
1.0,1.0,1.0,1.0,1.0,1.0,2.0,1.0,1.0,1.0,2.0,1.0,1,1,1,1,1.0,1.0,1.0,1.0,1.0,0
1.0,1.0,1.0,1.0,1.0,1.0,2.0,1.0,1.0,1.0,2.0,1.0,1,1,1,1,1.0,1.0,1.0,1.0,1.0,0
1.0,1.0,2.0,1.0,2.0,1.0,2.0,2.0,2.0,2.0,2.0,2.0,1,1,2,1,1.0,2.0,1.0,2.0,2.0,0
1.0,1.0,2.0,1.0,2.0,1.0,2.0,1.0,2.0,2.0,2.0,2.0,1,1,1,1,1.0,1.0,1.0,2.0,2.0,0
1.0,1.0,1.0,1.0,1.0,1.0,2.0,1.0,1.0,1.0,2.0,1.0,1,1,1,1,1.0,1.0,1.0,1.0,1.0,0
1.0,1.0,1.0,1.0,1.0,1.0,2.0,1.0,1.0,1.0,2.0,2.0,1,1,1,1,1.0,1.0,1.0,1.0,1.0,0
1.0,1.0,1.0,1.0,1.0,1.0,2.0,1.0,1.0,1.0,2.0,1.0,1,1,1,1,1.0,1.0,1.0,1.0,1.0,0
1.0,1.0,1.0,1.0,1.0,1.0,2.0,1.0,2.0,1.0,2.0,1.0,1,1,1,1,1.0,1.0,1.0,1.0,1.0,0
1.0,1.0,1.0,1.0,1.0,1.0,2.0,1.0,1.0,1.0,2.0,1.0,1,1,1,1,1.0,1.0,1.0,1.0,1.0,0
1.0,1.0,2.0,1.0,1.0,1.0,2.0,1.0,2.0,2.0,2.0,2.0,1,1,1,1,1.0,1.0,1.0,1.0,2.0,0
1.0,1.0,1.0,1.0,1.0,1.0,2.0,1.0,1.0,1.0,2.0,1.0,1,1,1,1,1.0,1.0,1.0,1.0,1.0,0
1.0,1.0,1.0,1.0,1.0,1.0,2.0,1.0,1.0,1.0,2.0,1.0,1,1,1,1,1.0,1.0,1.0,1.0,1.0,0
1.0,1.0,1.0,1.0,1.0,1.0,2.0,1.0,1.0,1.0,2.0,1.0,1,1,1,1,1.0,1.0,1.0,1.0,1.0,0
1.0,1.0,1.0,1.0,1.0,1.0,2.0,1.0,2.0,1.0,2.0,1.0,1,1,1,1,1.0,1.0,1.0,1.0,1.0,0
1.0,1.0,1.0,1.0,1.0,1.0,2.0,1.0,1.0,1.0,2.0,2.0,1,1,1,1,1.0,1.0,1.0,1.0,1.0,0
1.0,1.0,2.0,1.0,2.0,1.0,2.0,1.0,2.0,2.0,2.0,2.0,1,1,1,1,1.0,2.0,1.0,2.0,1.0,0
1.0,1.0,1.0,1.0,1.0,1.0,2.0,1.0,2.0,1.0,2.0,1.0,1,1,1,1,1.0,1.0,1.0,1.0,1.0,0
2.0,1.0,2.0,1.0,2.0,1.0,2.0,2.0,2.0,2.0,2.0,2.0,1,1,1,1,2.0,2.0,2.0,2.0,2.0,0
1.0,1.0,2.0,1.0,1.0,1.0,2.0,1.0,1.0,1.0,2.0,2.0,1,1,1,1,1.0,1.0,1.0,1.0,2.0,0
1.0,1.0,1.0,1.0,1.0,1.0,2.0,1.0,1.0,1.0,2.0,2.0,1,1,1,1,1.0,1.0,1.0,1.0,2.0,0
1.0,1.0,2.0,1.0,1.0,1.0,2.0,1.0,1.0,1.0,2.0,2.0,1,1,1,1,1.0,1.0,1.0,1.0,1.0,0
1.0,1.0,1.0,1.0,1.0,1.0,2.0,1.0,1.0,1.0,2.0,2.0,1,2,1,1,1.0,1.0,1.0,1.0,1.0,0
1.0,1.0,2.0,1.0,1.0,1.0,2.0,1.0,1.0,1.0,2.0,1.0,1,1,1,1,1.0,1.0,1.0,1.0,1.0,0
1.0,1.0,1.0,1.0,1.0,1.0,2.0,1.0,1.0,1.0,2.0,2.0,1,1,1,1,1.0,1.0,1.0,1.0,1.0,0
1.0,1.0,1.0,1.0,1.0,1.0,2.0,1.0,1.0,1.0,2.0,1.0,1,1,1,1,1.0,1.0,1.0,1.0,1.0,0
1.0,1.0,1.0,1.0,1.0,1.0,2.0,1.0,1.0,1.0,2.0,1.0,1,1,1,1,1.0,1.0,1.0,1.0,1.0,0
1.0,1.0,1.0,1.0,1.0,1.0,2.0,1.0,1.0,1.0,2.0,1.0,1,1,1,1,1.0,1.0,1.0,1.0,1.0,0
1.0,1.0,1.0,1.0,1.0,1.0,2.0,1.0,1.0,1.0,2.0,1.0,1,1,1,1,1.0,1.0,1.0,1.0,1.0,0
2.0,1.0,2.0,1.0,2.0,1.0,2.0,1.0,2.0,2.0,2.0,2.0,1,1,1,1,1.0,2.0,2.0,2.0,2.0,0
1.0,1.0,1.0,1.0,1.0,1.0,2.0,1.0,1.0,1.0,2.0,1.0,1,1,1,1,1.0,1.0,1.0,1.0,1.0,0
1.0,1.0,1.0,1.0,1.0,1.0,2.0,1.0,2.0,1.0,2.0,2.0,1,1,1,1,1.0,1.0,1.0,1.0,1.0,0
1.0,1.0,1.0,1.0,1.0,1.0,2.0,1.0,2.0,1.0,2.0,1.0,1,1,1,1,1.0,1.0,1.0,1.0,1.0,0
1.0,1.0,2.0,1.0,2.0,1.0,2.0,1.0,2.0,2.0,2.0,2.0,1,1,1,1,1.0,2.0,1.0,2.0,2.0,0
1.0,1.0,1.0,1.0,1.0,1.0,2.0,1.0,1.0,1.0,2.0,2.0,1,1,1,1,1.0,1.0,1.0,1.0,1.0,0
1.0,1.0,2.0,1.0,1.0,1.0,2.0,1.0,1.0,1.0,2.0,2.0,1,1,1,1,1.0,1.0,1.0,1.0,1.0,0
1.0,1.0,2.0,1.0,1.0,1.0,2.0,1.0,1.0,1.0,2.0,1.0,1,1,1,1,1.0,1.0,1.0,1.0,1.0,0
1.0,1.0,1.0,1.0,1.0,1.0,2.0,1.0,2.0,1.0,2.0,2.0,1,1,1,1,1.0,1.0,1.0,1.0,1.0,0
1.0,1.0,1.0,1.0,1.0,1.0,2.0,1.0,1.0,1.0,2.0,1.0,1,1,1,1,1.0,1.0,1.0,1.0,1.0,0
1.0,1.0,2.0,1.0,1.0,1.0,2.0,1.0,2.0,1.0,2.0,2.0,1,1,1,1,1.0,1.0,1.0,1.0,2.0,0
1.0,1.0,1.0,1.0,2.0,1.0,2.0,1.0,2.0,1.0,2.0,2.0,1,1,1,1,1.0,2.0,1.0,1.0,1.0,0
1.0,1.0,1.0,1.0,1.0,1.0,2.0,1.0,1.0,1.0,2.0,2.0,1,1,1,1,1.0,1.0,1.0,1.0,1.0,0
1.0,1.0,1.0,1.0,1.0,1.0,2.0,1.0,1.0,1.0,2.0,1.0,1,1,1,1,1.0,1.0,1.0,1.0,1.0,0
1.0,1.0,1.0,1.0,1.0,1.0,2.0,1.0,1.0,1.0,2.0,1.0,1,1,1,1,1.0,1.0,1.0,1.0,1.0,0
1.0,1.0,2.0,1.0,2.0,1.0,2.0,1.0,2.0,2.0,2.0,2.0,1,1,1,1,1.0,2.0,1.0,2.0,2.0,0
1.0,1.0,1.0,1.0,1.0,1.0,2.0,1.0,2.0,1.0,2.0,2.0,1,1,1,1,1.0,1.0,1.0,1.0,1.0,0
1.0,1.0,1.0,1.0,1.0,1.0,2.0,1.0,1.0,1.0,2.0,1.0,1,1,1,1,1.0,1.0,1.0,1.0,1.0,0
1.0,1.0,1.0,1.0,1.0,1.0,2.0,1.0,1.0,1.0,2.0,1.0,1,1,1,1,1.0,1.0,1.0,1.0,1.0,0
1.0,1.0,1.0,1.0,1.0,1.0,2.0,1.0,1.0,1.0,2.0,1.0,1,1,1,1,1.0,1.0,1.0,1.0,1.0,0
1.0,1.0,1.0,1.0,1.0,1.0,2.0,1.0,1.0,1.0,2.0,1.0,1,1,1,1,1.0,1.0,1.0,1.0,1.0,0
1.0,1.0,1.0,1.0,1.0,1.0,2.0,1.0,1.0,1.0,2.0,1.0,1,1,1,1,1.0,1.0,1.0,1.0,1.0,0
1.0,1.0,2.0,1.0,1.0,1.0,2.0,1.0,1.0,1.0,2.0,2.0,1,1,1,1,1.0,1.0,1.0,1.0,1.0,0
1.0,1.0,1.0,1.0,1.0,1.0,2.0,1.0,1.0,1.0,2.0,1.0,1,1,1,1,1.0,1.0,1.0,1.0,1.0,0
1.0,1.0,1.0,1.0,1.0,1.0,2.0,1.0,1.0,1.0,2.0,1.0,1,1,1,1,1.0,1.0,1.0,1.0,1.0,0
1.0,1.0,2.0,1.0,1.0,1.0,2.0,1.0,1.0,1.0,2.0,1.0,1,1,1,1,1.0,1.0,1.0,1.0,1.0,0
1.0,1.0,2.0,1.0,1.0,1.0,2.0,1.0,1.0,1.0,2.0,1.0,1,1,1,1,1.0,1.0,1.0,1.0,1.0,0
1.0,1.0,1.0,1.0,1.0,1.0,2.0,1.0,1.0,1.0,2.0,1.0,1,1,1,1,1.0,1.0,1.0,1.0,1.0,0
1.0,1.0,2.0,1.0,1.0,1.0,2.0,1.0,2.0,1.0,2.0,2.0,1,1,1,1,1.0,1.0,1.0,1.0,1.0,0
1.0,1.0,2.0,1.0,1.0,1.0,2.0,1.0,2.0,1.0,2.0,2.0,1,1,1,1,1.0,1.0,1.0,1.0,1.0,0
2.0,1.0,2.0,1.0,2.0,1.0,2.0,2.0,2.0,2.0,2.0,2.0,1,1,1,1,2.0,2.0,2.0,2.0,2.0,0
1.0,1.0,1.0,1.0,1.0,1.0,2.0,1.0,1.0,1.0,2.0,1.0,1,1,1,1,1.0,1.0,1.0,1.0,1.0,0
1.0,1.0,1.0,1.0,1.0,1.0,2.0,1.0,1.0,1.0,2.0,1.0,1,1,1,1,1.0,1.0,1.0,1.0,1.0,0
1.0,1.0,1.0,1.0,1.0,1.0,2.0,1.0,1.0,1.0,2.0,1.0,1,1,1,1,1.0,1.0,1.0,1.0,1.0,0
1.0,1.0,1.0,1.0,1.0,1.0,2.0,1.0,1.0,1.0,2.0,1.0,1,1,1,1,1.0,1.0,1.0,1.0,1.0,0
1.0,1.0,1.0,1.0,1.0,1.0,2.0,1.0,1.0,1.0,2.0,1.0,1,1,1,1,1.0,1.0,1.0,1.0,1.0,0
1.0,1.0,1.0,1.0,1.0,1.0,2.0,1.0,1.0,1.0,2.0,1.0,1,1,1,1,1.0,1.0,1.0,1.0,1.0,0
1.0,1.0,1.0,1.0,1.0,1.0,2.0,1.0,1.0,1.0,2.0,1.0,1,1,1,1,1.0,1.0,1.0,1.0,1.0,0
1.0,1.0,2.0,1.0,1.0,1.0,2.0,2.0,1.0,2.0,2.0,2.0,1,1,1,1,1.0,1.0,1.0,1.0,1.0,0
1.0,1.0,1.0,1.0,1.0,1.0,2.0,1.0,1.0,1.0,2.0,1.0,1,1,1,1,1.0,1.0,1.0,1.0,1.0,0
1.0,1.0,1.0,1.0,1.0,1.0,2.0,1.0,1.0,1.0,2.0,1.0,1,1,1,1,1.0,1.0,1.0,1.0,1.0,0
1.0,1.0,1.0,1.0,1.0,1.0,2.0,1.0,1.0,1.0,2.0,2.0,1,1,1,1,1.0,1.0,1.0,1.0,1.0,0
1.0,1.0,1.0,1.0,1.0,1.0,2.0,1.0,1.0,1.0,2.0,2.0,1,1,1,1,1.0,1.0,1.0,1.0,1.0,0
1.0,1.0,1.0,1.0,1.0,1.0,2.0,1.0,1.0,1.0,2.0,1.0,1,1,1,1,1.0,1.0,1.0,1.0,1.0,0
1.0,1.0,1.0,1.0,1.0,1.0,2.0,1.0,1.0,1.0,2.0,1.0,1,1,1,1,1.0,1.0,1.0,1.0,1.0,0
1.0,1.0,2.0,1.0,1.0,1.0,2.0,1.0,2.0,1.0,2.0,2.0,1,1,1,1,1.0,1.0,1.0,1.0,1.0,0
1.0,1.0,2.0,1.0,1.0,1.0,2.0,1.0,2.0,2.0,2.0,2.0,1,1,1,1,1.0,2.0,1.0,2.0,2.0,0
1.0,1.0,1.0,1.0,1.0,1.0,2.0,1.0,1.0,1.0,2.0,1.0,1,1,1,1,1.0,1.0,1.0,1.0,1.0,0
1.0,1.0,1.0,1.0,1.0,1.0,2.0,1.0,1.0,1.0,2.0,1.0,1,1,1,1,1.0,1.0,1.0,1.0,1.0,0
1.0,1.0,1.0,1.0,1.0,1.0,2.0,1.0,1.0,1.0,2.0,2.0,1,1,1,1,1.0,1.0,1.0,1.0,2.0,0
2.0,1.0,2.0,1.0,2.0,1.0,2.0,2.0,2.0,2.0,2.0,2.0,2,1,1,1,2.0,2.0,2.0,2.0,2.0,0
1.0,1.0,1.0,1.0,1.0,1.0,2.0,1.0,1.0,1.0,2.0,2.0,1,1,1,1,1.0,1.0,1.0,1.0,1.0,0
1.0,1.0,2.0,1.0,2.0,1.0,2.0,1.0,2.0,2.0,2.0,2.0,1,1,1,1,1.0,2.0,1.0,2.0,2.0,0
1.0,1.0,1.0,1.0,1.0,1.0,2.0,1.0,1.0,1.0,2.0,1.0,1,1,1,1,1.0,1.0,1.0,1.0,1.0,0
1.0,1.0,2.0,1.0,2.0,1.0,2.0,1.0,2.0,2.0,2.0,2.0,1,1,1,1,1.0,2.0,1.0,2.0,2.0,0
1.0,1.0,1.0,1.0,1.0,1.0,2.0,1.0,1.0,1.0,2.0,1.0,1,1,1,1,1.0,1.0,1.0,1.0,1.0,0
1.0,1.0,1.0,1.0,1.0,1.0,2.0,1.0,1.0,1.0,2.0,1.0,1,1,1,1,1.0,1.0,1.0,1.0,1.0,0
1.0,1.0,1.0,1.0,1.0,1.0,2.0,1.0,1.0,1.0,2.0,1.0,1,1,1,1,1.0,1.0,1.0,1.0,1.0,0
1.0,1.0,1.0,1.0,1.0,1.0,2.0,1.0,1.0,1.0,2.0,2.0,1,1,1,1,1.0,1.0,1.0,1.0,1.0,0
1.0,1.0,2.0,1.0,1.0,1.0,2.0,1.0,1.0,1.0,2.0,1.0,1,1,1,1,1.0,1.0,1.0,1.0,1.0,0
1.0,1.0,1.0,1.0,1.0,1.0,2.0,1.0,1.0,1.0,2.0,1.0,1,1,1,1,1.0,1.0,1.0,1.0,1.0,0
1.0,1.0,2.0,1.0,1.0,1.0,2.0,2.0,1.0,2.0,2.0,2.0,1,1,1,1,1.0,1.0,1.0,2.0,1.0,0
1.0,1.0,1.0,1.0,1.0,1.0,2.0,1.0,1.0,1.0,2.0,1.0,1,1,1,1,1.0,1.0,1.0,1.0,1.0,0
1.0,1.0,1.0,1.0,1.0,1.0,2.0,1.0,1.0,1.0,2.0,1.0,1,1,1,1,1.0,1.0,1.0,1.0,1.0,0
1.0,1.0,2.0,1.0,1.0,1.0,2.0,1.0,1.0,1.0,2.0,1.0,1,1,1,1,1.0,1.0,1.0,1.0,1.0,0
1.0,1.0,2.0,1.0,1.0,1.0,2.0,1.0,1.0,1.0,2.0,1.0,1,1,1,1,1.0,1.0,1.0,1.0,1.0,0
1.0,1.0,1.0,1.0,1.0,1.0,2.0,1.0,1.0,1.0,2.0,1.0,1,1,1,1,1.0,1.0,1.0,1.0,1.0,0
1.0,1.0,2.0,1.0,1.0,1.0,2.0,1.0,2.0,1.0,2.0,2.0,1,1,1,1,1.0,1.0,1.0,1.0,1.0,0
1.0,1.0,2.0,1.0,2.0,1.0,2.0,1.0,2.0,2.0,2.0,2.0,1,1,1,1,1.0,2.0,1.0,2.0,2.0,0
